date,Total,Rank,country
2006,112.3,1.0,SDN
2006,110.1,2.0,COD
2006,109.2,3.0,CIV
2006,109.0,4.0,IRQ
2006,108.9,5.0,ZWE
2006,105.9,6.0,TCD
2006,105.9,6.0,SOM
2006,104.6,8.0,HTI
2006,103.1,9.0,PAK
2006,99.8,10.0,AFG
2006,99.0,11.0,GIN
2006,99.0,11.0,LBR
2006,97.5,13.0,CAF
2006,97.3,14.0,PRK
2006,96.7,15.0,BDI
2006,96.6,16.0,SLE
2006,96.6,17.0,YEM
2006,96.5,18.0,MMR
2006,96.3,19.0,BGD
2006,95.4,20.0,NPL
2006,94.5,21.0,UGA
2006,94.4,22.0,NGA
2006,94.4,22.0,UZB
2006,92.9,24.0,RWA
2006,92.4,25.0,LKA
2006,91.9,26.0,ETH
2006,91.8,27.0,COL
2006,90.3,28.0,KGZ
2006,89.8,29.0,MWI
2006,89.7,30.0,BFA
2006,89.5,31.0,EGY
2006,89.2,32.0,IDN
2006,88.6,33.0,KEN
2006,88.6,33.0,SYR
2006,88.5,35.0,BIH
2006,88.4,36.0,CMR
2006,88.3,37.0,AGO
2006,88.3,37.0,TGO
2006,87.9,40.0,BTN
2006,87.9,39.0,LAO
2006,87.8,41.0,MRT
2006,87.7,42.0,TJK
2006,87.1,43.0,RUS
2006,87.0,44.0,NER
2006,86.1,45.0,TKM
2006,85.4,46.0,GNB
2006,85.0,47.0,KHM
2006,85.0,47.0,DOM
2006,84.6,49.0,PNG
2006,84.5,50.0,BLR
2006,84.3,51.0,GTM
2006,84.0,52.0,GNQ
2006,84.0,52.0,IRN
2006,83.9,54.0,ERI
2006,83.8,55.0,SRB
2006,82.9,56.0,BOL
2006,82.5,58.0,CHN
2006,82.5,57.0,MDA
2006,82.4,59.0,NIC
2006,82.2,60.0,GEO
2006,81.9,61.0,AZE
2006,81.9,61.0,CUB
2006,81.2,64.0,ECU
2006,81.2,63.0,VEN
2006,80.5,65.0,LBN
2006,79.6,66.0,ZMB
2006,79.4,67.0,PSE
2006,79.2,69.0,PER
2006,79.2,68.0,PHL
2006,78.6,70.0,VNM
2006,78.3,71.0,TZA
2006,77.8,72.0,DZA
2006,77.2,73.0,SAU
2006,77.0,74.0,JOR
2006,76.7,75.0,HND
2006,76.5,76.0,MAR
2006,76.1,77.0,SLV
2006,75.1,78.0,MKD
2006,74.9,79.0,THA
2006,74.8,80.0,MOZ
2006,74.6,81.0,MLI
2006,74.4,82.0,TUR
2006,74.0,83.0,GMB
2006,73.6,84.0,GAB
2006,73.1,85.0,MEX
2006,72.9,86.0,UKR
2006,72.0,87.0,PRY
2006,71.9,88.0,KAZ
2006,71.5,89.0,ARM
2006,70.9,90.0,BEN
2006,70.7,91.0,NAM
2006,70.5,92.0,CYP
2006,70.4,93.0,IND
2006,68.6,94.0,ALB
2006,68.5,95.0,LBY
2006,66.9,96.0,BWA
2006,66.8,97.0,JAM
2006,66.1,98.0,MYS
2006,66.1,98.0,SEN
2006,65.4,100.0,TUN
2006,63.1,101.0,BRA
2006,62.6,102.0,ROU
2006,62.1,103.0,BGR
2006,61.9,104.0,HRV
2006,60.8,105.0,KWT
2006,60.5,106.0,GHA
2006,59.6,107.0,PAN
2006,58.4,108.0,MNG
2006,56.2,109.0,LVA
2006,55.7,110.0,ZAF
2006,51.0,111.0,EST
2006,49.9,112.0,SVK
2006,49.7,113.0,LTU
2006,49.6,114.0,CRI
2006,47.9,115.0,POL
2006,46.7,116.0,HUN
2006,43.8,117.0,OMN
2006,41.9,118.0,MUS
2006,41.8,119.0,CZE
2006,41.2,120.0,URY
2006,41.1,121.0,GRC
2006,40.8,122.0,ARG
2006,39.9,123.0,KOR
2006,39.7,124.0,DEU
2006,37.4,125.0,ESP
2006,36.8,126.0,SVN
2006,35.1,127.0,ITA
2006,34.5,128.0,USA
2006,34.3,129.0,FRA
2006,34.2,130.0,GBR
2006,32.7,131.0,PRT
2006,32.0,132.0,CHL
2006,30.8,133.0,SGP
2006,28.1,134.0,NLD
2006,28.0,135.0,JPN
2006,26.1,136.0,AUT
2006,24.8,137.0,DNK
2006,24.0,138.0,BEL
2006,23.1,139.0,CAN
2006,22.0,140.0,AUS
2006,19.4,141.0,NZL
2006,18.7,142.0,CHE
2006,18.6,143.0,IRL
2006,18.2,144.0,FIN
2006,18.2,144.0,SWE
2006,16.8,146.0,NOR
2007,113.7,1.0,SDN
2007,111.4,2.0,IRQ
2007,111.1,3.0,SOM
2007,110.1,4.0,ZWE
2007,108.8,5.0,TCD
2007,107.3,6.0,CIV
2007,105.5,7.0,COD
2007,102.3,8.0,AFG
2007,101.3,9.0,GIN
2007,101.0,10.0,CAF
2007,100.9,11.0,HTI
2007,100.1,12.0,PAK
2007,97.7,13.0,PRK
2007,97.0,14.0,MMR
2007,96.4,15.0,UGA
2007,95.9,16.0,BGD
2007,95.6,17.0,NGA
2007,95.3,18.0,ETH
2007,95.2,19.0,BDI
2007,94.9,20.0,TLS
2007,93.6,21.0,NPL
2007,93.5,22.0,UZB
2007,93.4,23.0,SLE
2007,93.2,24.0,YEM
2007,93.1,25.0,LKA
2007,93.0,26.0,COG
2007,92.9,27.0,LBR
2007,92.4,28.0,LBN
2007,92.2,29.0,MWI
2007,92.0,30.0,SLB
2007,91.3,31.0,KEN
2007,91.2,32.0,NER
2007,89.7,34.0,BFA
2007,89.7,33.0,COL
2007,89.4,35.0,CMR
2007,89.2,36.0,EGY
2007,89.2,37.0,RWA
2007,88.8,38.0,GNB
2007,88.7,39.0,TJK
2007,88.6,40.0,SYR
2007,88.2,41.0,GNQ
2007,88.2,41.0,KGZ
2007,87.5,43.0,TKM
2007,87.2,44.0,LAO
2007,86.7,45.0,MRT
2007,86.6,46.0,TGO
2007,86.4,47.0,BTN
2007,85.7,48.0,KHM
2007,85.7,48.0,MDA
2007,85.5,50.0,ERI
2007,85.2,51.0,BLR
2007,85.1,52.0,PNG
2007,84.9,53.0,AGO
2007,84.5,54.0,BIH
2007,84.4,55.0,IDN
2007,83.2,56.0,PHL
2007,82.8,57.0,IRN
2007,82.3,58.0,GEO
2007,82.0,59.0,BOL
2007,81.4,60.0,GTM
2007,81.3,61.0,SWZ
2007,81.2,64.0,AZE
2007,81.2,64.0,CHN
2007,81.2,63.0,LSO
2007,81.2,62.0,RUS
2007,81.1,66.0,CPV
2007,81.1,66.0,MDV
2007,81.1,66.0,SRB
2007,80.6,69.0,DOM
2007,80.6,69.0,ZMB
2007,80.3,71.0,DJI
2007,80.0,72.0,NIC
2007,79.9,73.0,ECU
2007,79.8,74.0,VEN
2007,79.6,75.0,PSE
2007,79.3,76.0,TZA
2007,78.6,77.0,CUB
2007,78.6,77.0,STP
2007,77.8,80.0,COM
2007,77.8,79.0,VNM
2007,76.9,81.0,MOZ
2007,76.6,82.0,JOR
2007,76.5,83.0,MDG
2007,76.5,84.0,SAU
2007,76.4,85.0,PER
2007,76.0,86.0,GMB
2007,76.0,86.0,MAR
2007,76.0,88.0,THA
2007,75.9,89.0,DZA
2007,75.7,90.0,FJI
2007,75.5,91.0,MLI
2007,74.9,92.0,SLV
2007,74.9,92.0,TUR
2007,74.8,94.0,HND
2007,74.1,95.0,MKD
2007,73.9,96.0,SUR
2007,73.8,97.0,WSM
2007,73.5,98.0,FSM
2007,73.3,99.0,GAB
2007,73.3,99.0,GUY
2007,72.9,101.0,PRY
2007,72.6,102.0,MEX
2007,72.3,103.0,KAZ
2007,72.0,104.0,BEN
2007,71.6,105.0,GRD
2007,71.4,106.0,UKR
2007,71.3,107.0,NAM
2007,71.3,107.0,SYC
2007,71.2,109.0,BRN
2007,70.8,110.0,IND
2007,70.5,111.0,ALB
2007,70.3,112.0,ARM
2007,70.2,113.0,CYP
2007,69.8,114.0,BLZ
2007,69.3,115.0,LBY
2007,67.6,116.0,TTO
2007,66.9,118.0,BRA
2007,66.9,117.0,SEN
2007,66.4,119.0,BWA
2007,65.9,120.0,MYS
2007,65.7,121.0,ATG
2007,65.6,122.0,TUN
2007,65.1,123.0,JAM
2007,62.1,124.0,KWT
2007,61.9,125.0,GHA
2007,60.9,126.0,ROU
2007,60.5,127.0,HRV
2007,60.3,128.0,BGR
2007,60.1,129.0,BHS
2007,59.9,130.0,BRB
2007,59.4,131.0,PAN
2007,58.4,132.0,MNG
2007,57.4,133.0,ZAF
2007,57.0,134.0,BHR
2007,56.7,135.0,LVA
2007,55.6,136.0,MNE
2007,53.6,137.0,QAT
2007,51.6,138.0,ARE
2007,51.2,139.0,HUN
2007,50.5,140.0,CRI
2007,50.5,141.0,EST
2007,49.3,142.0,SVK
2007,49.0,143.0,LTU
2007,48.5,144.0,MLT
2007,47.6,145.0,POL
2007,45.5,146.0,OMN
2007,43.5,147.0,GRC
2007,42.7,148.0,MUS
2007,42.1,149.0,CZE
2007,41.4,150.0,ARG
2007,40.9,151.0,URY
2007,39.7,152.0,KOR
2007,39.2,153.0,ESP
2007,38.4,154.0,DEU
2007,37.5,155.0,SVN
2007,37.1,156.0,ITA
2007,34.1,157.0,FRA
2007,34.1,157.0,GBR
2007,33.8,159.0,CHL
2007,33.6,160.0,USA
2007,33.0,161.0,SGP
2007,32.4,162.0,PRT
2007,28.6,163.0,NLD
2007,28.5,164.0,JPN
2007,28.1,165.0,LUX
2007,26.0,166.0,AUT
2007,25.5,167.0,BEL
2007,25.1,168.0,CAN
2007,23.2,169.0,AUS
2007,22.2,170.0,DNK
2007,21.1,171.0,ISL
2007,20.5,172.0,NZL
2007,20.2,173.0,CHE
2007,19.5,174.0,IRL
2007,19.3,175.0,SWE
2007,18.5,176.0,FIN
2007,17.1,177.0,NOR
2008,114.2,1.0,SOM
2008,113.0,2.0,SDN
2008,112.5,3.0,ZWE
2008,110.9,4.0,TCD
2008,110.6,5.0,IRQ
2008,106.7,6.0,COD
2008,105.4,7.0,AFG
2008,104.6,8.0,CIV
2008,103.8,9.0,PAK
2008,103.7,10.0,CAF
2008,101.8,11.0,GIN
2008,100.3,13.0,BGD
2008,100.3,12.0,MMR
2008,99.3,14.0,HTI
2008,97.7,15.0,PRK
2008,96.1,16.0,ETH
2008,96.1,17.0,UGA
2008,95.7,18.0,LBN
2008,95.7,19.0,NGA
2008,95.6,20.0,LKA
2008,95.4,21.0,YEM
2008,94.5,22.0,NER
2008,94.2,23.0,NPL
2008,94.1,24.0,BDI
2008,93.8,25.0,TLS
2008,93.4,26.0,COG
2008,93.4,28.0,KEN
2008,93.4,27.0,UZB
2008,92.9,29.0,MWI
2008,92.4,30.0,SLB
2008,92.3,31.0,SLE
2008,91.3,32.0,GNB
2008,91.2,33.0,CMR
2008,91.0,34.0,LBR
2008,90.1,35.0,SYR
2008,89.9,36.0,BFA
2008,89.0,37.0,COL
2008,88.9,38.0,TJK
2008,88.8,39.0,KGZ
2008,88.7,41.0,EGY
2008,88.7,40.0,LAO
2008,88.0,42.0,GNQ
2008,88.0,42.0,RWA
2008,87.4,44.0,ERI
2008,86.8,45.0,TGO
2008,86.2,46.0,TKM
2008,86.1,47.0,MRT
2008,85.8,48.0,KHM
2008,85.7,49.0,IRN
2008,85.7,50.0,MDA
2008,85.4,51.0,BTN
2008,84.6,52.0,PNG
2008,84.4,53.0,BLR
2008,84.3,54.0,BIH
2008,84.2,55.0,BOL
2008,83.8,56.0,AGO
2008,83.8,57.0,GEO
2008,83.6,58.0,PSE
2008,83.4,59.0,PHL
2008,83.3,60.0,IDN
2008,81.7,62.0,LSO
2008,81.7,61.0,NIC
2008,81.6,63.0,ZMB
2008,81.0,64.0,AZE
2008,80.7,65.0,CPV
2008,80.6,66.0,GTM
2008,80.4,67.0,MDV
2008,80.3,69.0,CHN
2008,80.3,68.0,ECU
2008,80.1,70.0,SRB
2008,80.0,71.0,DJI
2008,80.0,71.0,SWZ
2008,79.7,73.0,RUS
2008,79.6,74.0,COM
2008,79.1,75.0,TZA
2008,78.6,76.0,CUB
2008,78.4,77.0,DOM
2008,78.3,78.0,STP
2008,77.9,79.0,VEN
2008,77.8,80.0,DZA
2008,77.5,81.0,PER
2008,77.3,82.0,JOR
2008,76.9,83.0,GMB
2008,76.9,83.0,SAU
2008,76.8,85.0,MOZ
2008,76.7,86.0,MDG
2008,76.6,87.0,FJI
2008,75.8,88.0,MAR
2008,75.6,89.0,MLI
2008,75.6,89.0,THA
2008,75.5,91.0,SLV
2008,75.4,92.0,TUR
2008,75.0,93.0,GAB
2008,74.9,94.0,HND
2008,74.6,96.0,MKD
2008,74.6,95.0,VNM
2008,74.0,97.0,FSM
2008,72.9,98.0,IND
2008,72.9,98.0,NAM
2008,72.8,100.0,BEN
2008,72.4,102.0,KAZ
2008,72.4,102.0,WSM
2008,72.4,101.0,SUR
2008,72.3,104.0,PRY
2008,72.2,105.0,GUY
2008,72.2,105.0,MEX
2008,70.9,107.0,SEN
2008,70.8,108.0,UKR
2008,70.7,109.0,ARM
2008,70.2,110.0,BLZ
2008,70.0,111.0,LBY
2008,69.7,112.0,ALB
2008,69.7,112.0,CYP
2008,69.5,114.0,SYC
2008,69.0,115.0,GRD
2008,68.5,116.0,BRN
2008,67.6,117.0,BRA
2008,67.2,118.0,MYS
2008,67.0,119.0,TTO
2008,65.9,120.0,BWA
2008,65.7,121.0,JAM
2008,65.6,122.0,TUN
2008,64.6,123.0,GHA
2008,64.1,124.0,ATG
2008,62.7,125.0,ZAF
2008,62.0,126.0,KWT
2008,60.5,127.0,BHS
2008,59.9,128.0,ROU
2008,59.4,129.0,HRV
2008,58.6,130.0,PAN
2008,58.5,132.0,BRB
2008,58.5,131.0,BGR
2008,57.8,133.0,MNG
2008,56.8,134.0,BHR
2008,55.8,135.0,MNE
2008,54.5,136.0,LVA
2008,52.7,137.0,QAT
2008,51.2,138.0,ARE
2008,51.0,139.0,EST
2008,50.9,140.0,CRI
2008,50.9,141.0,HUN
2008,48.8,142.0,SVK
2008,48.7,143.0,LTU
2008,48.3,144.0,MLT
2008,47.6,145.0,POL
2008,47.4,146.0,OMN
2008,45.4,147.0,GRC
2008,42.4,148.0,MUS
2008,42.1,149.0,CZE
2008,41.6,150.0,ESP
2008,41.4,152.0,ARG
2008,41.4,151.0,URY
2008,40.6,153.0,KOR
2008,39.9,154.0,ITA
2008,37.3,155.0,DEU
2008,37.1,156.0,SVN
2008,36.3,157.0,CHL
2008,34.8,158.0,FRA
2008,33.3,159.0,SGP
2008,32.9,160.0,GBR
2008,32.8,161.0,USA
2008,31.8,162.0,PRT
2008,29.7,163.0,JPN
2008,29.0,164.0,BEL
2008,27.9,165.0,LUX
2008,27.3,166.0,NLD
2008,26.3,167.0,CAN
2008,25.9,168.0,AUT
2008,24.6,169.0,AUS
2008,21.5,170.0,DNK
2008,21.4,171.0,NZL
2008,20.9,172.0,ISL
2008,20.3,173.0,CHE
2008,19.9,174.0,IRL
2008,19.8,175.0,SWE
2008,18.4,176.0,FIN
2008,16.8,177.0,NOR
2009,114.7,1.0,SOM
2009,114.0,2.0,ZWE
2009,112.4,3.0,SDN
2009,112.2,4.0,TCD
2009,108.7,5.0,COD
2009,108.6,6.0,IRQ
2009,108.2,7.0,AFG
2009,105.4,8.0,CAF
2009,104.6,9.0,GIN
2009,104.1,10.0,PAK
2009,102.5,11.0,CIV
2009,101.8,12.0,HTI
2009,101.5,13.0,MMR
2009,101.4,14.0,KEN
2009,99.8,15.0,NGA
2009,98.9,16.0,ETH
2009,98.3,17.0,PRK
2009,98.1,18.0,BGD
2009,98.1,18.0,YEM
2009,97.2,20.0,TLS
2009,96.9,21.0,UGA
2009,96.7,22.0,LKA
2009,96.5,23.0,NER
2009,95.7,24.0,BDI
2009,95.4,25.0,NPL
2009,95.3,26.0,CMR
2009,94.8,27.0,GNB
2009,93.8,28.0,MWI
2009,93.5,29.0,LBN
2009,93.1,30.0,COG
2009,92.8,31.0,UZB
2009,92.1,32.0,SLE
2009,91.8,33.0,GEO
2009,91.8,34.0,LBR
2009,91.3,35.0,BFA
2009,90.3,37.0,ERI
2009,90.3,36.0,TJK
2009,90.0,38.0,IRN
2009,89.8,39.0,SYR
2009,89.6,40.0,SLB
2009,89.2,41.0,COL
2009,89.1,42.0,KGZ
2009,89.0,44.0,EGY
2009,89.0,43.0,LAO
2009,89.0,44.0,RWA
2009,88.7,46.0,MRT
2009,88.3,47.0,GNQ
2009,87.3,49.0,BTN
2009,87.3,48.0,KHM
2009,87.2,50.0,TGO
2009,86.3,52.0,BOL
2009,86.3,51.0,COM
2009,85.8,53.0,PHL
2009,85.1,54.0,MDA
2009,85.0,55.0,AGO
2009,84.6,56.0,AZE
2009,84.6,57.0,CHN
2009,84.6,57.0,PSE
2009,84.3,59.0,TKM
2009,84.2,60.0,ZMB
2009,84.1,61.0,IDN
2009,84.1,61.0,PNG
2009,83.3,63.0,BIH
2009,82.6,64.0,NIC
2009,82.4,65.0,SWZ
2009,82.3,66.0,BLR
2009,81.8,67.0,LSO
2009,81.6,68.0,MDG
2009,81.2,69.0,ECU
2009,81.1,70.0,TZA
2009,80.8,71.0,RUS
2009,80.7,72.0,MOZ
2009,80.6,73.0,DZA
2009,80.6,73.0,CUB
2009,80.6,73.0,DJI
2009,80.6,76.0,GTM
2009,79.5,77.0,VEN
2009,79.2,78.0,SRB
2009,79.2,78.0,THA
2009,79.0,80.0,GMB
2009,78.8,81.0,FJI
2009,78.8,81.0,MDV
2009,78.7,83.0,MLI
2009,78.5,84.0,CPV
2009,78.2,85.0,TUR
2009,77.9,86.0,JOR
2009,77.8,87.0,IND
2009,77.7,88.0,DOM
2009,77.5,89.0,SAU
2009,77.2,90.0,SLV
2009,77.2,90.0,HND
2009,77.1,92.0,MAR
2009,77.1,93.0,PER
2009,76.9,94.0,VNM
2009,76.7,95.0,STP
2009,75.6,96.0,NAM
2009,75.5,97.0,BEN
2009,75.4,98.0,MEX
2009,74.4,99.0,GAB
2009,74.4,100.0,MKD
2009,74.3,101.0,ARM
2009,74.2,102.0,SEN
2009,73.2,103.0,SUR
2009,73.0,104.0,GUY
2009,72.5,105.0,KAZ
2009,72.0,106.0,PRY
2009,71.9,107.0,FSM
2009,71.4,108.0,WSM
2009,70.0,109.0,ALB
2009,69.7,110.0,UKR
2009,69.5,111.0,BLZ
2009,69.4,112.0,LBY
2009,69.1,113.0,BRA
2009,68.9,114.0,CYP
2009,68.9,114.0,MYS
2009,68.8,116.0,BWA
2009,68.6,117.0,JAM
2009,68.1,118.0,BRN
2009,67.9,119.0,GRD
2009,67.7,120.0,SYC
2009,67.6,121.0,TUN
2009,67.4,122.0,ZAF
2009,66.7,123.0,TTO
2009,66.2,124.0,GHA
2009,63.4,125.0,KWT
2009,62.8,126.0,ATG
2009,61.9,127.0,MNG
2009,61.5,128.0,BGR
2009,61.3,129.0,ROU
2009,60.9,130.0,BHS
2009,60.1,131.0,HRV
2009,59.7,132.0,PAN
2009,59.0,133.0,BHR
2009,58.0,134.0,MNE
2009,57.2,135.0,BRB
2009,54.6,136.0,LVA
2009,52.5,137.0,CRI
2009,51.9,138.0,QAT
2009,51.8,139.0,ARE
2009,51.2,140.0,EST
2009,50.7,141.0,HUN
2009,49.6,142.0,POL
2009,48.8,143.0,MLT
2009,48.6,144.0,SVK
2009,48.0,145.0,LTU
2009,47.2,146.0,OMN
2009,46.1,147.0,GRC
2009,44.7,149.0,ARG
2009,44.7,148.0,MUS
2009,43.9,150.0,ITA
2009,43.3,151.0,ESP
2009,42.6,152.0,CZE
2009,41.6,153.0,KOR
2009,41.2,154.0,URY
2009,37.5,155.0,CHL
2009,36.3,156.0,SVN
2009,36.2,157.0,DEU
2009,35.3,158.0,FRA
2009,34.0,159.0,USA
2009,33.8,160.0,SGP
2009,33.6,161.0,GBR
2009,33.5,162.0,BEL
2009,32.7,163.0,PRT
2009,31.2,164.0,JPN
2009,29.0,165.0,ISL
2009,27.7,166.0,CAN
2009,27.6,167.0,AUT
2009,27.6,168.0,LUX
2009,27.0,169.0,NLD
2009,25.9,170.0,AUS
2009,23.3,171.0,NZL
2009,23.2,172.0,DNK
2009,21.6,173.0,IRL
2009,21.2,174.0,CHE
2009,20.6,175.0,SWE
2009,19.2,176.0,FIN
2009,18.3,177.0,NOR
2010,114.3,1.0,SOM
2010,113.3,2.0,TCD
2010,111.8,3.0,SDN
2010,110.2,4.0,ZWE
2010,109.9,5.0,COD
2010,109.3,6.0,AFG
2010,107.3,7.0,IRQ
2010,106.4,8.0,CAF
2010,105.0,9.0,GIN
2010,102.5,10.0,PAK
2010,101.6,11.0,HTI
2010,101.2,12.0,CIV
2010,100.7,13.0,KEN
2010,100.2,14.0,NGA
2010,100.0,15.0,YEM
2010,99.4,16.0,MMR
2010,98.8,17.0,ETH
2010,98.2,18.0,TLS
2010,97.8,20.0,NER
2010,97.8,19.0,PRK
2010,97.5,21.0,UGA
2010,97.2,22.0,GNB
2010,96.7,23.0,BDI
2010,96.1,24.0,BGD
2010,95.7,25.0,LKA
2010,95.4,26.0,CMR
2010,95.4,26.0,NPL
2010,93.6,28.0,MWI
2010,93.6,28.0,SLE
2010,93.3,30.0,ERI
2010,92.5,31.0,COG
2010,92.2,32.0,IRN
2010,91.7,33.0,LBR
2010,90.9,34.0,LBN
2010,90.7,35.0,BFA
2010,90.5,36.0,UZB
2010,90.4,37.0,GEO
2010,89.2,38.0,TJK
2010,89.1,39.0,MRT
2010,88.7,41.0,KHM
2010,88.7,40.0,LAO
2010,88.7,41.0,RWA
2010,88.6,43.0,SLB
2010,88.5,44.0,GNQ
2010,88.4,45.0,KGZ
2010,88.2,46.0,COL
2010,88.1,47.0,TGO
2010,87.9,48.0,SYR
2010,87.6,49.0,EGY
2010,87.3,50.0,BTN
2010,87.1,51.0,PHL
2010,85.1,52.0,COM
2010,84.9,53.0,BOL
2010,84.6,54.0,PSE
2010,84.4,55.0,AZE
2010,83.9,56.0,PNG
2010,83.9,56.0,ZMB
2010,83.8,58.0,MDA
2010,83.7,59.0,AGO
2010,83.5,60.0,BIH
2010,83.1,61.0,IDN
2010,83.0,62.0,CHN
2010,82.8,63.0,SWZ
2010,82.6,64.0,MDG
2010,82.5,65.0,NIC
2010,82.5,66.0,TKM
2010,82.2,67.0,LSO
2010,81.9,68.0,DJI
2010,81.7,70.0,ECU
2010,81.7,69.0,MOZ
2010,81.3,71.0,DZA
2010,81.2,72.0,GTM
2010,81.2,73.0,TZA
2010,80.5,74.0,FJI
2010,80.2,75.0,GMB
2010,80.0,76.0,HND
2010,79.4,77.0,CUB
2010,79.3,78.0,MLI
2010,79.2,79.0,IND
2010,79.0,80.0,RUS
2010,78.8,81.0,THA
2010,78.7,82.0,BLR
2010,78.7,82.0,VEN
2010,78.3,84.0,MDV
2010,78.1,85.0,SLV
2010,77.8,86.0,SRB
2010,77.5,87.0,SAU
2010,77.2,88.0,CPV
2010,77.1,89.0,TUR
2010,77.0,90.0,JOR
2010,77.0,90.0,MAR
2010,76.9,92.0,PER
2010,76.8,93.0,BEN
2010,76.8,93.0,DOM
2010,76.6,95.0,VNM
2010,76.1,96.0,MEX
2010,75.8,97.0,STP
2010,75.3,98.0,GAB
2010,74.6,99.0,SEN
2010,74.5,100.0,NAM
2010,74.1,101.0,ARM
2010,73.0,102.0,GUY
2010,72.7,103.0,KAZ
2010,72.7,104.0,MKD
2010,72.5,105.0,SUR
2010,72.1,106.0,PRY
2010,71.1,107.0,WSM
2010,70.6,108.0,FSM
2010,69.5,109.0,UKR
2010,69.2,110.0,MYS
2010,69.1,111.0,LBY
2010,68.7,112.0,BLZ
2010,68.6,113.0,BWA
2010,68.0,114.0,CYP
2010,67.9,115.0,SYC
2010,67.9,115.0,ZAF
2010,67.6,117.0,BRN
2010,67.5,118.0,TUN
2010,67.4,119.0,BRA
2010,67.4,120.0,JAM
2010,67.1,122.0,ALB
2010,67.1,121.0,GHA
2010,67.0,123.0,GRD
2010,66.1,124.0,TTO
2010,61.5,125.0,KWT
2010,61.2,126.0,BGR
2010,60.9,127.0,ATG
2010,60.2,128.0,ROU
2010,60.1,129.0,MNG
2010,59.3,130.0,PAN
2010,59.0,131.0,HRV
2010,58.9,132.0,BHS
2010,58.8,133.0,BHR
2010,57.3,134.0,MNE
2010,55.4,135.0,BRB
2010,55.4,136.0,LVA
2010,52.4,137.0,ARE
2010,52.0,138.0,CRI
2010,51.8,139.0,QAT
2010,50.7,140.0,EST
2010,50.1,141.0,HUN
2010,49.0,142.0,POL
2010,48.8,143.0,SVK
2010,48.7,144.0,OMN
2010,48.2,145.0,MLT
2010,47.8,146.0,LTU
2010,45.9,147.0,GRC
2010,45.8,148.0,ARG
2010,45.7,149.0,ITA
2010,44.4,150.0,MUS
2010,43.5,151.0,ESP
2010,41.5,152.0,CZE
2010,41.3,153.0,KOR
2010,41.3,153.0,URY
2010,38.0,155.0,CHL
2010,36.0,156.0,SVN
2010,35.4,157.0,DEU
2010,35.3,158.0,USA
2010,34.9,159.0,FRA
2010,34.8,160.0,SGP
2010,33.9,161.0,GBR
2010,33.1,162.0,PRT
2010,32.0,163.0,BEL
2010,31.3,164.0,JPN
2010,29.8,165.0,ISL
2010,27.9,167.0,CAN
2010,27.9,166.0,NLD
2010,27.3,168.0,AUS
2010,27.3,169.0,LUX
2010,27.2,170.0,AUT
2010,23.9,171.0,NZL
2010,22.9,172.0,DNK
2010,22.4,173.0,IRL
2010,21.8,174.0,CHE
2010,20.9,175.0,SWE
2010,19.3,176.0,FIN
2010,18.7,177.0,NOR
2011,113.5,1.0,SOM
2011,110.3,2.0,TCD
2011,108.8,3.0,SDN
2011,108.2,4.0,COD
2011,108.0,5.0,HTI
2011,107.9,6.0,ZWE
2011,107.5,7.0,AFG
2011,105.0,8.0,CAF
2011,104.9,9.0,IRQ
2011,102.8,10.0,CIV
2011,102.5,11.0,GIN
2011,102.3,12.0,PAK
2011,100.4,13.0,YEM
2011,100.0,14.0,NGA
2011,99.1,15.0,NER
2011,98.7,16.0,KEN
2011,98.7,17.0,BDI
2011,98.2,19.0,GNB
2011,98.3,18.0,MMR
2011,98.2,19.0,ETH
2011,96.2,21.0,UGA
2011,95.6,22.0,PRK
2011,94.8,23.0,TLS
2011,94.6,24.0,CMR
2011,94.3,25.0,BGD
2011,93.9,26.0,LBR
2011,93.7,27.0,NPL
2011,93.5,28.0,ERI
2011,93.1,29.0,LKA
2011,92.1,30.0,SLE
2011,91.8,31.0,KGZ
2011,91.3,32.0,COG
2011,91.1,33.0,MWI
2011,90.9,34.0,RWA
2011,90.1,35.0,IRN
2011,89.3,36.0,TGO
2011,88.5,38.0,BFA
2011,88.6,37.0,KHM
2011,88.3,39.0,TJK
2011,88.3,39.0,UZB
2011,88.0,41.0,GNQ
2011,88.0,42.0,MRT
2011,87.7,43.0,LBN
2011,87.0,44.0,COL
2011,86.8,45.0,EGY
2011,86.7,46.0,LAO
2011,86.4,47.0,GEO
2011,85.9,48.0,SLB
2011,85.9,49.0,SYR
2011,85.0,51.0,BTN
2011,85.0,50.0,PHL
2011,84.7,52.0,AGO
2011,84.5,53.0,PSE
2011,84.3,54.0,PNG
2011,83.8,56.0,COM
2011,83.9,55.0,ZMB
2011,83.5,57.0,MOZ
2011,83.2,58.0,MDG
2011,82.9,59.0,BOL
2011,82.6,60.0,DJI
2011,82.6,60.0,SWZ
2011,82.2,62.0,ECU
2011,81.9,63.0,AZE
2011,81.5,64.0,IDN
2011,81.3,65.0,TZA
2011,81.2,66.0,MDA
2011,81.2,66.0,NIC
2011,81.1,68.0,FJI
2011,81.0,69.0,BIH
2011,80.9,70.0,GMB
2011,80.4,71.0,LSO
2011,80.1,72.0,CHN
2011,80.0,74.0,GTM
2011,80.0,73.0,BEN
2011,79.7,75.0,TKM
2011,79.3,76.0,IND
2011,79.3,76.0,MLI
2011,78.4,78.0,HND
2011,78.3,79.0,THA
2011,78.1,80.0,VEN
2011,78.0,81.0,DZA
2011,77.7,82.0,RUS
2011,77.6,83.0,BLR
2011,76.8,84.0,DOM
2011,76.8,84.0,SEN
2011,76.6,86.0,CUB
2011,76.2,87.0,MAR
2011,76.0,88.0,VNM
2011,76.0,88.0,SLV
2011,75.8,90.0,CPV
2011,75.7,91.0,MDV
2011,75.3,92.0,GAB
2011,75.2,93.0,SAU
2011,75.1,94.0,MEX
2011,74.9,95.0,TUR
2011,74.6,96.0,JOR
2011,74.4,97.0,STP
2011,74.4,98.0,SRB
2011,73.6,99.0,PER
2011,72.5,100.0,GUY
2011,72.4,101.0,PRY
2011,72.3,102.0,ARM
2011,71.9,103.0,FSM
2011,71.8,104.0,NAM
2011,71.1,105.0,SUR
2011,71.0,106.0,MKD
2011,70.2,107.0,KAZ
2011,70.1,108.0,TUN
2011,69.6,109.0,WSM
2011,68.9,110.0,UKR
2011,68.7,111.0,LBY
2011,68.7,111.0,MYS
2011,67.9,113.0,BWA
2011,67.7,114.0,BLZ
2011,67.6,115.0,GHA
2011,67.6,117.0,CYP
2011,67.6,115.0,ZAF
2011,67.1,118.0,JAM
2011,67.0,119.0,SYC
2011,66.4,120.0,GRD
2011,66.2,121.0,ALB
2011,65.8,122.0,BRN
2011,65.1,123.0,BRA
2011,63.7,124.0,TTO
2011,59.9,125.0,ATG
2011,59.8,126.0,ROU
2011,59.6,127.0,MNG
2011,59.5,128.0,KWT
2011,58.9,130.0,BHR
2011,59.0,129.0,BGR
2011,57.8,131.0,PAN
2011,57.3,132.0,HRV
2011,56.5,133.0,BHS
2011,56.3,134.0,MNE
2011,54.1,135.0,LVA
2011,52.8,136.0,BRB
2011,50.6,137.0,CRI
2011,50.3,138.0,ARE
2011,49.5,139.0,QAT
2011,49.4,140.0,EST
2011,49.1,141.0,OMN
2011,48.7,142.0,HUN
2011,47.4,143.0,GRC
2011,47.0,144.0,SVK
2011,46.8,146.0,ARG
2011,46.9,145.0,POL
2011,45.8,147.0,ITA
2011,45.5,148.0,MLT
2011,45.3,149.0,LTU
2011,44.2,150.0,MUS
2011,43.1,151.0,ESP
2011,42.3,152.0,CZE
2011,40.8,153.0,CHL
2011,40.4,154.0,URY
2011,38.8,155.0,KOR
2011,35.5,156.0,SVN
2011,35.1,157.0,SGP
2011,34.8,158.0,USA
2011,34.0,159.0,BEL
2011,34.0,161.0,GBR
2011,34.0,159.0,FRA
2011,33.9,162.0,DEU
2011,32.4,163.0,PRT
2011,31.0,164.0,JPN
2011,30.1,165.0,ISL
2011,28.4,166.0,NLD
2011,28.1,167.0,AUS
2011,27.7,168.0,CAN
2011,27.3,169.0,AUT
2011,26.1,170.0,LUX
2011,25.3,171.0,IRL
2011,24.9,172.0,NZL
2011,23.8,173.0,DNK
2011,23.2,174.0,CHE
2011,22.8,175.0,SWE
2011,20.4,176.0,NOR
2011,19.7,177.0,FIN
2012,115.0,1.0,SOM
2012,111.2,2.0,COD
2012,109.2,3.0,SDN
2012,108.3,4.0,SSD
2012,107.6,5.0,TCD
2012,106.3,6.0,ZWE
2012,106.1,7.0,AFG
2012,104.7,9.0,HTI
2012,104.9,8.0,YEM
2012,104.2,10.0,IRQ
2012,103.8,11.0,CAF
2012,103.6,12.0,CIV
2012,101.9,13.0,GIN
2012,101.4,14.0,PAK
2012,101.0,15.0,NGA
2012,99.2,16.0,GNB
2012,98.5,17.0,KEN
2012,97.9,18.0,ETH
2012,97.5,19.0,BDI
2012,96.8,20.0,NER
2012,96.5,21.0,UGA
2012,96.2,22.0,MMR
2012,95.5,23.0,PRK
2012,94.4,25.0,ERI
2012,94.5,24.0,SYR
2012,93.3,26.0,LBR
2012,93.2,27.0,CMR
2012,92.9,28.0,NPL
2012,92.7,29.0,TLS
2012,92.2,31.0,BGD
2012,92.2,30.0,LKA
2012,90.4,33.0,EGY
2012,90.5,32.0,SLE
2012,90.0,34.0,COG
2012,89.5,35.0,IRN
2012,89.3,36.0,RWA
2012,88.8,38.0,MWI
2012,88.8,37.0,KHM
2012,87.5,41.0,MRT
2012,87.6,39.0,TGO
2012,87.5,40.0,UZB
2012,87.4,42.0,BFA
2012,87.3,43.0,KGZ
2012,86.3,44.0,GNQ
2012,86.0,45.0,ZMB
2012,85.8,46.0,LBN
2012,85.7,47.0,TJK
2012,85.6,48.0,SLB
2012,85.5,49.0,LAO
2012,85.2,50.0,AGO
2012,85.0,51.0,LBY
2012,84.9,52.0,GEO
2012,84.4,53.0,COL
2012,83.8,54.0,DJI
2012,83.5,56.0,PNG
2012,83.5,55.0,SWZ
2012,83.1,57.0,PHL
2012,83.0,58.0,COM
2012,82.6,59.0,MDG
2012,82.4,61.0,BTN
2012,82.4,60.0,MOZ
2012,82.2,62.0,PSE
2012,82.1,63.0,BOL
2012,80.6,65.0,GMB
2012,80.6,64.0,IDN
2012,80.5,66.0,FJI
2012,80.4,67.0,TZA
2012,80.1,68.0,ECU
2012,79.7,69.0,AZE
2012,79.4,71.0,NIC
2012,79.4,70.0,GTM
2012,79.2,72.0,SEN
2012,78.9,73.0,LSO
2012,78.7,74.0,MDA
2012,78.7,75.0,BEN
2012,78.5,76.0,HND
2012,78.4,77.0,CHN
2012,78.0,78.0,DZA
2012,78.0,78.0,IND
2012,77.9,81.0,BIH
2012,78.0,78.0,MLI
2012,77.4,82.0,TKM
2012,77.2,83.0,VEN
2012,77.1,84.0,RUS
2012,77.0,85.0,THA
2012,76.6,87.0,BLR
2012,76.6,86.0,TUR
2012,76.2,88.0,MAR
2012,75.2,89.0,MDV
2012,75.0,90.0,SRB
2012,74.9,91.0,JOR
2012,74.7,92.0,CPV
2012,74.6,93.0,GAB
2012,74.4,94.0,SLV
2012,74.2,95.0,TUN
2012,74.2,95.0,DOM
2012,74.0,97.0,VNM
2012,73.8,98.0,STP
2012,73.6,99.0,MEX
2012,73.5,100.0,PER
2012,73.5,100.0,SAU
2012,73.1,102.0,CUB
2012,72.1,103.0,ARM
2012,71.9,104.0,FSM
2012,71.4,105.0,GUY
2012,71.2,106.0,SUR
2012,70.9,108.0,NAM
2012,70.8,109.0,KAZ
2012,71.0,107.0,PRY
2012,69.0,110.0,MKD
2012,68.5,111.0,MYS
2012,68.5,111.0,WSM
2012,67.5,113.0,GHA
2012,67.2,114.0,BLZ
2012,67.2,114.0,UKR
2012,66.8,117.0,CYP
2012,66.9,116.0,ZAF
2012,66.5,118.0,BWA
2012,66.1,119.0,ALB
2012,65.9,120.0,JAM
2012,65.1,121.0,SYC
2012,65.1,121.0,GRD
2012,64.4,123.0,TTO
2012,64.1,124.0,BRA
2012,64.1,125.0,BRN
2012,62.2,126.0,BHR
2012,59.5,127.0,ROU
2012,59.0,128.0,ATG
2012,58.8,129.0,KWT
2012,58.7,130.0,MNG
2012,56.3,132.0,BGR
2012,56.3,131.0,HRV
2012,56.2,133.0,PAN
2012,55.5,134.0,MNE
2012,55.1,135.0,BHS
2012,52.0,136.0,BRB
2012,51.9,137.0,LVA
2012,51.7,138.0,OMN
2012,50.3,139.0,GRC
2012,49.7,140.0,CRI
2012,48.9,141.0,ARE
2012,48.4,142.0,HUN
2012,47.9,143.0,QAT
2012,47.5,144.0,EST
2012,47.4,145.0,SVK
2012,46.5,146.0,ARG
2012,45.8,147.0,ITA
2012,44.8,148.0,MUS
2012,44.3,149.0,POL
2012,44.1,150.0,LTU
2012,43.8,151.0,MLT
2012,43.4,153.0,CHL
2012,43.5,152.0,JPN
2012,42.8,154.0,ESP
2012,40.6,155.0,URY
2012,39.5,156.0,CZE
2012,37.5,157.0,KOR
2012,35.6,158.0,SGP
2012,35.3,159.0,GBR
2012,34.9,160.0,USA
2012,34.2,161.0,PRT
2012,33.9,162.0,SVN
2012,33.6,163.0,FRA
2012,33.5,164.0,BEL
2012,31.8,165.0,DEU
2012,29.2,166.0,AUS
2012,28.9,167.0,ISL
2012,28.1,168.0,NLD
2012,27.5,169.0,AUT
2012,26.7,170.0,CAN
2012,26.5,171.0,IRL
2012,25.6,172.0,NZL
2012,25.4,173.0,LUX
2012,23.9,174.0,NOR
2012,23.4,175.0,CHE
2012,23.0,176.0,DNK
2012,21.3,177.0,SWE
2012,20.0,178.0,FIN
2013,113.9,1.0,SOM
2013,111.9,2.0,COD
2013,111.0,3.0,SDN
2013,110.5,4.0,SSD
2013,109.1,5.0,TCD
2013,106.9,6.0,YEM
2013,106.8,7.0,AFG
2013,105.9,8.0,HTI
2013,105.2,9.0,CAF
2013,105.2,9.0,ZWE
2013,104.0,11.0,IRQ
2013,103.5,12.0,CIV
2013,103.0,13.0,PAK
2013,101.4,14.0,GIN
2013,101.0,15.0,GNB
2013,100.8,16.0,NGA
2013,99.6,17.0,KEN
2013,99.0,18.0,NER
2013,98.9,19.0,ETH
2013,97.6,20.0,BDI
2013,97.4,21.0,SYR
2013,96.7,22.0,UGA
2013,95.1,23.0,LBR
2013,95.1,23.0,PRK
2013,95.1,25.0,ERI
2013,94.6,26.0,MMR
2013,93.5,27.0,CMR
2013,93.0,28.0,LKA
2013,92.6,29.0,BGD
2013,91.8,30.0,NPL
2013,91.6,31.0,MRT
2013,91.5,32.0,TLS
2013,91.2,33.0,SLE
2013,90.7,34.0,EGY
2013,90.2,35.0,BFA
2013,90.1,36.0,COG
2013,89.7,37.0,IRN
2013,89.3,39.0,MLI
2013,89.3,38.0,RWA
2013,89.1,40.0,MWI
2013,87.9,41.0,KHM
2013,87.7,42.0,TGO
2013,87.1,43.0,AGO
2013,86.9,44.0,UZB
2013,86.6,45.0,ZMB
2013,86.3,46.0,LBN
2013,86.2,47.0,GNQ
2013,85.8,48.0,KGZ
2013,85.5,49.0,SWZ
2013,85.5,49.0,DJI
2013,85.3,51.0,SLB
2013,85.2,52.0,TJK
2013,84.9,53.0,PNG
2013,84.6,54.0,LBY
2013,84.2,55.0,GEO
2013,84.0,56.0,COM
2013,83.8,57.0,COL
2013,83.7,58.0,LAO
2013,82.7,61.0,MOZ
2013,82.7,60.0,PHL
2013,82.8,59.0,MDG
2013,81.8,63.0,BTN
2013,81.8,62.0,GMB
2013,81.4,64.0,SEN
2013,81.1,65.0,TZA
2013,80.9,67.0,CHN
2013,80.8,69.0,BOL
2013,80.8,68.0,FJI
2013,80.9,66.0,PSE
2013,80.7,70.0,GTM
2013,79.4,71.0,LSO
2013,79.2,72.0,NIC
2013,78.6,73.0,DZA
2013,78.6,74.0,ECU
2013,78.3,75.0,HND
2013,78.1,77.0,AZE
2013,78.2,76.0,IDN
2013,77.8,78.0,BEN
2013,77.4,79.0,IND
2013,77.1,80.0,RUS
2013,76.6,82.0,BLR
2013,76.8,81.0,TKM
2013,76.5,83.0,BIH
2013,76.5,83.0,MDA
2013,76.5,83.0,TUN
2013,75.8,87.0,TUR
2013,75.8,86.0,JOR
2013,75.5,88.0,MDV
2013,75.2,89.0,VEN
2013,75.1,90.0,THA
2013,74.5,91.0,STP
2013,74.4,92.0,SRB
2013,74.4,92.0,MAR
2013,73.6,94.0,CPV
2013,73.2,96.0,DOM
2013,73.3,95.0,SLV
2013,73.1,97.0,MEX
2013,73.0,99.0,VNM
2013,73.0,98.0,GAB
2013,72.9,100.0,FSM
2013,72.7,101.0,CUB
2013,72.7,102.0,SAU
2013,72.3,103.0,PER
2013,71.9,104.0,PRY
2013,71.4,105.0,ARM
2013,71.2,106.0,SUR
2013,70.8,107.0,GUY
2013,70.3,108.0,NAM
2013,69.8,109.0,KAZ
2013,69.2,110.0,GHA
2013,68.7,111.0,WSM
2013,68.0,112.0,MKD
2013,67.6,113.0,ZAF
2013,67.2,114.0,BLZ
2013,67.0,115.0,CYP
2013,66.1,116.0,MYS
2013,65.9,117.0,UKR
2013,65.8,118.0,JAM
2013,65.2,119.0,ALB
2013,64.6,120.0,GRD
2013,63.9,122.0,BWA
2013,64.0,121.0,SYC
2013,63.2,123.0,BRN
2013,62.9,124.0,BHR
2013,62.7,125.0,TTO
2013,62.1,126.0,BRA
2013,59.6,127.0,KWT
2013,58.0,128.0,ATG
2013,57.7,129.0,MNG
2013,57.5,130.0,ROU
2013,55.8,131.0,PAN
2013,55.0,132.0,BGR
2013,54.7,133.0,BHS
2013,54.3,134.0,MNE
2013,54.1,135.0,HRV
2013,51.9,136.0,OMN
2013,50.8,137.0,BRB
2013,50.5,138.0,GRC
2013,48.7,139.0,CRI
2013,47.9,140.0,LVA
2013,47.6,141.0,HUN
2013,47.2,142.0,ARE
2013,47.1,143.0,QAT
2013,46.0,144.0,ARG
2013,45.3,145.0,EST
2013,45.2,146.0,SVK
2013,44.6,147.0,ITA
2013,44.5,148.0,MUS
2013,44.4,149.0,ESP
2013,43.0,150.0,LTU
2013,42.4,151.0,MLT
2013,42.3,152.0,CHL
2013,41.0,153.0,POL
2013,39.9,154.0,CZE
2013,38.5,155.0,URY
2013,36.1,156.0,JPN
2013,35.4,157.0,KOR
2013,34.0,158.0,SGP
2013,33.5,159.0,USA
2013,33.2,160.0,GBR
2013,32.7,161.0,FRA
2013,32.6,162.0,PRT
2013,32.3,163.0,SVN
2013,31.0,164.0,BEL
2013,29.7,165.0,DEU
2013,26.9,166.0,AUT
2013,26.9,167.0,NLD
2013,26.0,168.0,CAN
2013,25.4,169.0,AUS
2013,24.8,170.0,IRL
2013,24.7,171.0,ISL
2013,23.3,172.0,LUX
2013,22.8,173.0,NZL
2013,21.9,174.0,DNK
2013,21.4,176.0,NOR
2013,21.5,175.0,CHE
2013,19.7,177.0,SWE
2013,18.1,178.0,FIN
2014,112.9,1.0,SSD
2014,112.6,2.0,SOM
2014,110.6,3.0,CAF
2014,110.2,4.0,COD
2014,110.1,5.0,SDN
2014,108.7,6.0,TCD
2014,106.5,7.0,AFG
2014,105.4,8.0,YEM
2014,104.3,9.0,HTI
2014,103.0,10.0,PAK
2014,102.8,11.0,ZWE
2014,102.7,12.0,GIN
2014,102.2,13.0,IRQ
2014,101.7,14.0,CIV
2014,101.6,15.0,SYR
2014,100.6,16.0,GNB
2014,99.7,17.0,NGA
2014,99.0,18.0,KEN
2014,97.9,19.0,ETH
2014,97.9,20.0,NER
2014,97.1,21.0,BDI
2014,96.0,22.0,UGA
2014,95.5,23.0,ERI
2014,94.3,25.0,LBR
2014,94.3,24.0,MMR
2014,94.0,26.0,PRK
2014,93.1,27.0,CMR
2014,93.0,28.0,MRT
2014,92.8,29.0,BGD
2014,92.6,30.0,LKA
2014,91.0,31.0,EGY
2014,91.0,33.0,NPL
2014,91.0,31.0,TLS
2014,90.5,34.0,RWA
2014,89.9,35.0,SLE
2014,89.8,36.0,MLI
2014,89.6,37.0,COG
2014,89.1,38.0,MWI
2014,89.0,39.0,BFA
2014,88.5,40.0,KHM
2014,87.8,42.0,LBY
2014,87.8,41.0,TGO
2014,87.4,43.0,AGO
2014,87.2,44.0,IRN
2014,87.1,45.0,DJI
2014,86.9,46.0,LBN
2014,86.4,47.0,SLB
2014,86.3,48.0,UZB
2014,86.2,49.0,ZMB
2014,85.9,50.0,MOZ
2014,85.8,51.0,SWZ
2014,85.3,52.0,GNQ
2014,85.3,52.0,PHL
2014,85.1,54.0,COM
2014,84.6,55.0,TJK
2014,84.3,56.0,LAO
2014,84.1,57.0,PNG
2014,83.9,58.0,KGZ
2014,83.1,60.0,COL
2014,83.1,59.0,GMB
2014,83.1,61.0,MDG
2014,82.8,62.0,SEN
2014,82.7,63.0,GEO
2014,80.9,64.0,BTN
2014,80.8,65.0,TZA
2014,80.3,66.0,GTM
2014,79.5,67.0,PSE
2014,79.0,68.0,CHN
2014,79.0,68.0,FJI
2014,78.9,70.0,BOL
2014,78.8,71.0,DZA
2014,78.6,72.0,LSO
2014,78.4,73.0,NIC
2014,78.2,75.0,BEN
2014,78.2,74.0,TKM
2014,77.9,76.0,HND
2014,77.8,77.0,AZE
2014,77.5,78.0,TUN
2014,77.3,79.0,ECU
2014,77.0,80.0,THA
2014,76.9,81.0,IND
2014,76.8,82.0,IDN
2014,76.7,83.0,JOR
2014,76.7,84.0,VEN
2014,76.5,85.0,RUS
2014,75.9,86.0,BIH
2014,75.8,87.0,STP
2014,75.4,88.0,MDV
2014,75.1,89.0,MDA
2014,75.0,90.0,BLR
2014,74.6,91.0,FSM
2014,74.4,92.0,MAR
2014,74.1,93.0,CPV
2014,74.1,93.0,TUR
2014,73.4,95.0,DOM
2014,73.1,96.0,SAU
2014,72.9,97.0,PER
2014,72.7,98.0,VNM
2014,72.2,99.0,GAB
2014,72.0,101.0,SLV
2014,72.0,100.0,SRB
2014,71.6,102.0,PRY
2014,71.5,103.0,NAM
2014,71.3,104.0,ARM
2014,71.1,105.0,MEX
2014,71.0,106.0,GUY
2014,70.8,107.0,CUB
2014,70.7,108.0,GHA
2014,70.6,109.0,SUR
2014,69.3,110.0,WSM
2014,68.5,111.0,KAZ
2014,67.9,112.0,CYP
2014,67.2,113.0,UKR
2014,67.0,114.0,BLZ
2014,66.6,115.0,ZAF
2014,66.4,116.0,MKD
2014,66.2,117.0,MYS
2014,65.2,118.0,GRD
2014,64.9,119.0,JAM
2014,64.7,120.0,BHR
2014,64.5,121.0,BWA
2014,63.7,122.0,SYC
2014,63.6,124.0,ALB
2014,63.6,123.0,BRN
2014,61.4,125.0,BRA
2014,61.3,126.0,TTO
2014,59.0,127.0,ATG
2014,59.0,127.0,KWT
2014,58.1,129.0,MNG
2014,56.9,130.0,ROU
2014,55.7,132.0,MNE
2014,55.7,131.0,PAN
2014,54.4,133.0,BGR
2014,54.1,134.0,BHS
2014,53.1,135.0,OMN
2014,52.9,136.0,HRV
2014,52.1,137.0,GRC
2014,51.4,138.0,BRB
2014,48.9,139.0,QAT
2014,48.5,140.0,CRI
2014,48.3,141.0,HUN
2014,48.0,142.0,LVA
2014,47.6,143.0,ARE
2014,47.3,144.0,ARG
2014,46.1,145.0,MUS
2014,45.3,146.0,SVK
2014,45.2,147.0,EST
2014,43.4,148.0,ITA
2014,43.2,149.0,LTU
2014,43.1,150.0,ESP
2014,43.0,151.0,MLT
2014,42.1,152.0,POL
2014,42.0,153.0,CHL
2014,39.4,154.0,CZE
2014,37.9,155.0,URY
2014,36.4,156.0,KOR
2014,36.3,157.0,JPN
2014,35.9,158.0,SGP
2014,35.4,159.0,USA
2014,34.8,160.0,FRA
2014,34.3,161.0,GBR
2014,33.1,162.0,PRT
2014,32.6,163.0,SVN
2014,32.0,164.0,BEL
2014,30.6,165.0,DEU
2014,28.6,166.0,NLD
2014,28.5,167.0,AUT
2014,27.4,168.0,CAN
2014,26.3,169.0,AUS
2014,26.1,170.0,IRL
2014,25.9,171.0,ISL
2014,24.6,172.0,LUX
2014,24.1,173.0,NZL
2014,23.3,174.0,CHE
2014,23.0,175.0,NOR
2014,22.8,176.0,DNK
2014,21.4,177.0,SWE
2014,18.7,178.0,FIN
2015,114.5,1.0,SSD
2015,114.0,2.0,SOM
2015,111.9,3.0,CAF
2015,110.8,4.0,SDN
2015,109.7,5.0,COD
2015,108.4,6.0,TCD
2015,108.1,7.0,YEM
2015,107.9,8.0,AFG
2015,107.9,8.0,SYR
2015,104.9,10.0,GIN
2015,104.5,11.0,HTI
2015,104.5,11.0,IRQ
2015,102.9,13.0,PAK
2015,102.4,14.0,NGA
2015,100.0,15.0,CIV
2015,100.0,15.0,ZWE
2015,99.9,17.0,GNB
2015,98.1,18.0,BDI
2015,97.8,19.0,NER
2015,97.5,20.0,ETH
2015,97.4,21.0,KEN
2015,97.3,22.0,LBR
2015,97.0,23.0,UGA
2015,96.9,24.0,ERI
2015,95.3,25.0,LBY
2015,94.9,26.0,MRT
2015,94.7,27.0,MMR
2015,94.3,28.0,CMR
2015,93.8,29.0,PRK
2015,93.1,30.0,MLI
2015,91.9,31.0,SLE
2015,91.8,32.0,BGD
2015,90.8,33.0,COG
2015,90.6,34.0,LKA
2015,90.5,36.0,NPL
2015,90.6,34.0,TLS
2015,90.2,37.0,RWA
2015,90.0,38.0,EGY
2015,89.2,39.0,BFA
2015,88.1,40.0,LBN
2015,88.1,40.0,DJI
2015,88.1,40.0,AGO
2015,87.9,43.0,KHM
2015,87.2,44.0,IRN
2015,86.9,46.0,MWI
2015,86.9,45.0,MOZ
2015,86.8,47.0,TGO
2015,86.3,48.0,PHL
2015,86.3,49.0,SWZ
2015,85.9,50.0,SLB
2015,85.4,51.0,GMB
2015,85.4,52.0,UZB
2015,85.2,53.0,ZMB
2015,84.8,54.0,GNQ
2015,84.5,55.0,LAO
2015,83.6,56.0,MDG
2015,83.4,57.0,PNG
2015,83.4,57.0,TJK
2015,83.3,59.0,COM
2015,83.0,60.0,SEN
2015,82.5,61.0,COL
2015,82.2,62.0,KGZ
2015,80.8,63.0,TZA
2015,80.4,64.0,GTM
2015,80.0,65.0,RUS
2015,79.9,66.0,LSO
2015,79.6,67.0,DZA
2015,79.4,69.0,PSE
2015,79.4,68.0,IND
2015,79.3,70.0,GEO
2015,79.1,71.0,THA
2015,79.0,72.0,NIC
2015,78.8,73.0,BEN
2015,78.7,74.0,BTN
2015,78.6,75.0,VEN
2015,78.0,77.0,BOL
2015,78.2,76.0,HND
2015,77.4,79.0,BIH
2015,77.5,78.0,TKM
2015,77.3,80.0,AZE
2015,76.9,81.0,JOR
2015,76.8,82.0,FJI
2015,76.4,83.0,CHN
2015,76.3,84.0,UKR
2015,75.9,85.0,ECU
2015,75.8,86.0,TUN
2015,75.6,87.0,BLR
2015,75.0,88.0,IDN
2015,74.6,89.0,MAR
2015,74.5,90.0,TUR
2015,74.2,91.0,MDV
2015,73.8,92.0,SRB
2015,73.7,93.0,STP
2015,73.5,95.0,CPV
2015,73.6,94.0,FSM
2015,73.0,96.0,MDA
2015,72.4,97.0,VNM
2015,71.9,98.0,PER
2015,71.8,100.0,MEX
2015,71.9,98.0,GHA
2015,71.6,101.0,SAU
2015,71.4,102.0,SLV
2015,71.3,103.0,PRY
2015,71.2,105.0,DOM
2015,71.3,104.0,GAB
2015,70.8,106.0,NAM
2015,70.5,107.0,GUY
2015,69.7,108.0,ARM
2015,68.4,109.0,SUR
2015,68.3,110.0,KAZ
2015,68.2,111.0,WSM
2015,67.4,112.0,CUB
2015,67.0,113.0,ZAF
2015,66.2,114.0,CYP
2015,65.9,115.0,MYS
2015,65.3,116.0,BLZ
2015,64.6,117.0,JAM
2015,64.5,118.0,MKD
2015,64.3,119.0,BHR
2015,63.4,120.0,GRD
2015,63.0,121.0,BRN
2015,62.8,122.0,BWA
2015,62.6,123.0,BRA
2015,62.1,124.0,SYC
2015,61.9,125.0,ALB
2015,58.7,126.0,TTO
2015,57.8,127.0,ATG
2015,57.5,128.0,KWT
2015,57.0,129.0,MNG
2015,55.4,130.0,BGR
2015,54.6,131.0,PAN
2015,54.2,132.0,MNE
2015,54.2,132.0,ROU
2015,52.6,134.0,GRC
2015,52.0,135.0,OMN
2015,51.6,136.0,BHS
2015,51.0,137.0,HRV
2015,49.3,138.0,BRB
2015,49.1,139.0,HUN
2015,48.6,140.0,LVA
2015,47.6,141.0,ARG
2015,46.7,142.0,CRI
2015,46.3,143.0,QAT
2015,46.2,144.0,ARE
2015,45.2,145.0,MUS
2015,43.8,146.0,EST
2015,43.2,147.0,ITA
2015,43.0,148.0,LTU
2015,42.6,149.0,SVK
2015,41.5,150.0,CHL
2015,40.9,152.0,MLT
2015,40.9,151.0,ESP
2015,39.8,153.0,POL
2015,37.4,154.0,CZE
2015,36.5,155.0,URY
2015,36.3,156.0,KOR
2015,36.0,157.0,JPN
2015,35.3,158.0,USA
2015,34.4,159.0,SGP
2015,33.7,160.0,FRA
2015,33.4,161.0,GBR
2015,31.6,162.0,SVN
2015,30.4,163.0,BEL
2015,29.7,164.0,PRT
2015,28.1,165.0,DEU
2015,26.8,166.0,NLD
2015,26.0,167.0,AUT
2015,25.7,168.0,CAN
2015,24.7,169.0,IRL
2015,24.3,170.0,AUS
2015,23.4,171.0,ISL
2015,22.6,172.0,NZL
2015,22.3,173.0,CHE
2015,22.2,174.0,LUX
2015,21.5,175.0,DNK
2015,20.8,176.0,NOR
2015,20.2,177.0,SWE
2015,17.8,178.0,FIN
2016,114.0,1.0,SOM
2016,113.8,2.0,SSD
2016,112.1,3.0,CAF
2016,111.5,4.0,SDN
2016,111.5,4.0,YEM
2016,110.8,6.0,SYR
2016,110.1,7.0,TCD
2016,110.0,8.0,COD
2016,107.9,9.0,AFG
2016,105.1,10.0,HTI
2016,104.7,11.0,IRQ
2016,103.8,12.0,GIN
2016,103.5,13.0,NGA
2016,101.7,14.0,PAK
2016,100.7,15.0,BDI
2016,100.5,16.0,ZWE
2016,99.8,17.0,GNB
2016,98.6,18.0,ERI
2016,98.4,19.0,NER
2016,98.3,20.0,KEN
2016,97.9,21.0,CIV
2016,97.8,22.0,CMR
2016,97.7,23.0,UGA
2016,97.2,24.0,ETH
2016,96.4,25.0,LBY
2016,96.3,26.0,MMR
2016,95.5,27.0,LBR
2016,95.4,28.0,MRT
2016,95.2,29.0,MLI
2016,93.9,30.0,PRK
2016,92.2,31.0,COG
2016,91.3,32.0,RWA
2016,91.2,33.0,NPL
2016,91.0,34.0,SLE
2016,90.8,35.0,TLS
2016,90.7,36.0,BGD
2016,90.5,37.0,AGO
2016,90.2,38.0,EGY
2016,89.7,39.0,DJI
2016,89.6,40.0,LBN
2016,89.4,41.0,BFA
2016,87.8,42.0,MOZ
2016,87.7,43.0,LKA
2016,87.6,44.0,MWI
2016,87.6,45.0,SWZ
2016,87.4,46.0,KHM
2016,86.9,47.0,IRN
2016,86.8,48.0,GMB
2016,86.3,49.0,ZMB
2016,86.2,50.0,PNG
2016,85.8,51.0,TGO
2016,85.3,52.0,SLB
2016,85.2,53.0,GNQ
2016,84.7,54.0,PHL
2016,84.4,55.0,LAO
2016,84.2,56.0,MDG
2016,83.8,57.0,COM
2016,83.8,58.0,TJK
2016,83.6,59.0,SEN
2016,83.5,60.0,UZB
2016,83.2,61.0,GTM
2016,81.8,62.0,TZA
2016,81.6,63.0,VEN
2016,81.1,64.0,KGZ
2016,81.0,65.0,RUS
2016,80.9,66.0,LSO
2016,80.2,67.0,COL
2016,79.8,68.0,HND
2016,79.7,69.0,PSE
2016,79.6,70.0,IND
2016,79.0,71.0,NIC
2016,78.9,72.0,BEN
2016,78.9,72.0,GEO
2016,78.8,74.0,THA
2016,78.5,75.0,BOL
2016,78.3,76.0,DZA
2016,78.0,77.0,JOR
2016,77.6,78.0,BTN
2016,77.3,79.0,TUR
2016,77.1,80.0,FSM
2016,76.3,81.0,AZE
2016,76.2,82.0,FJI
2016,76.0,83.0,TKM
2016,75.6,84.0,ECU
2016,75.5,85.0,UKR
2016,74.9,86.0,CHN
2016,74.9,87.0,IDN
2016,74.6,88.0,BIH
2016,74.6,89.0,TUN
2016,74.2,90.0,MAR
2016,74.0,91.0,MDV
2016,73.9,92.0,BLR
2016,73.2,93.0,MDA
2016,72.9,94.0,STP
2016,72.6,95.0,PRY
2016,72.5,96.0,SLV
2016,72.2,97.0,SAU
2016,72.0,98.0,GAB
2016,72.0,98.0,PER
2016,72.0,98.0,SRB
2016,71.5,101.0,CPV
2016,71.2,102.0,GHA
2016,71.1,103.0,NAM
2016,70.9,104.0,GUY
2016,70.8,105.0,DOM
2016,70.7,106.0,VNM
2016,70.4,107.0,MEX
2016,69.9,108.0,ZAF
2016,69.6,109.0,ARM
2016,67.6,110.0,WSM
2016,67.0,111.0,MKD
2016,66.7,112.0,SUR
2016,66.5,113.0,KAZ
2016,66.3,114.0,CUB
2016,66.1,115.0,MYS
2016,66.0,116.0,BLZ
2016,65.3,117.0,BRA
2016,65.0,118.0,JAM
2016,64.0,119.0,CYP
2016,63.5,120.0,BWA
2016,63.4,121.0,BHR
2016,63.0,122.0,GRD
2016,62.0,123.0,BRN
2016,61.2,124.0,ALB
2016,60.2,125.0,SYC
2016,58.5,126.0,KWT
2016,57.8,127.0,TTO
2016,56.6,128.0,MNG
2016,56.2,129.0,ATG
2016,55.9,130.0,GRC
2016,55.2,131.0,MNE
2016,53.7,132.0,BGR
2016,53.2,133.0,PAN
2016,52.9,134.0,ROU
2016,52.7,135.0,HUN
2016,52.4,136.0,HRV
2016,51.6,138.0,BHS
2016,51.6,137.0,OMN
2016,49.0,139.0,BRB
2016,48.4,140.0,ARG
2016,47.4,141.0,LVA
2016,45.1,142.0,CRI
2016,45.1,142.0,QAT
2016,44.9,144.0,SVK
2016,44.5,145.0,ARE
2016,43.4,146.0,EST
2016,43.2,147.0,MUS
2016,43.1,148.0,ITA
2016,42.4,149.0,LTU
2016,41.9,150.0,CHL
2016,40.8,151.0,CZE
2016,40.7,152.0,POL
2016,39.8,153.0,ESP
2016,39.6,154.0,MLT
2016,36.2,155.0,URY
2016,36.1,156.0,KOR
2016,35.1,157.0,JPN
2016,34.5,158.0,FRA
2016,34.0,159.0,USA
2016,33.9,160.0,SVN
2016,32.9,161.0,SGP
2016,32.4,162.0,GBR
2016,29.2,163.0,PRT
2016,29.0,164.0,BEL
2016,28.6,165.0,DEU
2016,28.2,166.0,NLD
2016,27.5,167.0,AUT
2016,24.1,168.0,LUX
2016,23.8,169.0,CAN
2016,22.8,170.0,ISL
2016,22.6,171.0,SWE
2016,22.5,172.0,AUS
2016,22.5,172.0,IRL
2016,21.8,174.0,CHE
2016,21.5,175.0,DNK
2016,21.3,176.0,NZL
2016,21.2,177.0,NOR
2016,18.8,178.0,FIN
2017,113.9,1.0,SSD
2017,113.4,2.0,SOM
2017,112.6,3.0,CAF
2017,111.1,4.0,YEM
2017,110.6,5.0,SDN
2017,110.6,5.0,SYR
2017,110.0,7.0,COD
2017,109.4,8.0,TCD
2017,107.3,9.0,AFG
2017,105.4,10.0,IRQ
2017,105.3,11.0,HTI
2017,102.4,12.0,GIN
2017,101.6,13.0,NGA
2017,101.6,14.0,ZWE
2017,101.1,15.0,ETH
2017,99.5,16.0,GNB
2017,98.9,18.0,BDI
2017,98.9,17.0,PAK
2017,98.1,19.0,ERI
2017,97.4,20.0,NER
2017,96.5,21.0,CIV
2017,96.4,22.0,KEN
2017,96.3,23.0,LBY
2017,96.0,24.0,UGA
2017,95.7,25.0,MMR
2017,95.6,26.0,CMR
2017,93.8,27.0,LBR
2017,93.7,28.0,MRT
2017,93.4,29.0,COG
2017,93.3,30.0,PRK
2017,92.9,31.0,MLI
2017,91.1,32.0,AGO
2017,91.0,33.0,NPL
2017,90.8,34.0,RWA
2017,90.5,35.0,TLS
2017,89.8,36.0,EGY
2017,89.4,37.0,GMB
2017,89.3,38.0,SLE
2017,89.1,39.0,BGD
2017,89.0,40.0,MOZ
2017,88.9,41.0,DJI
2017,88.8,42.0,SWZ
2017,88.2,43.0,LBN
2017,88.0,45.0,BFA
2017,88.0,44.0,MWI
2017,87.8,46.0,ZMB
2017,86.6,47.0,LKA
2017,86.4,48.0,PNG
2017,85.8,49.0,IRN
2017,85.7,50.0,KHM
2017,85.0,51.0,GNQ
2017,84.8,53.0,COM
2017,84.8,52.0,SLB
2017,84.4,54.0,PHL
2017,84.0,55.0,MDG
2017,83.9,56.0,TGO
2017,83.1,57.0,GTM
2017,82.9,58.0,VEN
2017,82.4,59.0,LAO
2017,82.3,60.0,SEN
2017,81.8,61.0,TJK
2017,81.7,62.0,LSO
2017,81.5,63.0,UZB
2017,80.8,64.0,TUR
2017,80.3,65.0,KGZ
2017,80.3,65.0,TZA
2017,79.2,67.0,RUS
2017,79.1,68.0,HND
2017,78.9,69.0,COL
2017,78.9,70.0,PSE
2017,78.7,71.0,JOR
2017,77.9,72.0,IND
2017,77.6,73.0,BEN
2017,77.4,74.0,NIC
2017,77.3,75.0,ECU
2017,76.9,76.0,FJI
2017,76.8,77.0,DZA
2017,76.8,77.0,BOL
2017,76.5,79.0,GEO
2017,76.4,80.0,FSM
2017,76.3,81.0,AZE
2017,76.2,82.0,THA
2017,76.0,83.0,BTN
2017,74.9,84.0,MAR
2017,74.7,85.0,CHN
2017,74.4,86.0,MDV
2017,74.4,86.0,TKM
2017,74.3,88.0,MEX
2017,74.2,89.0,TUN
2017,74.0,90.0,UKR
2017,73.8,91.0,GAB
2017,73.1,92.0,SLV
2017,73.0,93.0,BIH
2017,72.9,94.0,IDN
2017,72.4,95.0,BLR
2017,72.3,96.0,ZAF
2017,72.1,97.0,STP
2017,72.0,98.0,MDA
2017,71.6,99.0,PRY
2017,71.3,100.0,GUY
2017,71.2,101.0,SAU
2017,71.0,102.0,ARM
2017,70.4,103.0,NAM
2017,70.3,104.0,PER
2017,70.2,105.0,VNM
2017,70.1,106.0,CPV
2017,70.0,107.0,SRB
2017,69.7,108.0,GHA
2017,69.0,109.0,DOM
2017,68.2,110.0,BRA
2017,67.1,111.0,WSM
2017,66.1,112.0,MKD
2017,65.9,114.0,KAZ
2017,65.9,113.0,SUR
2017,65.5,115.0,BLZ
2017,65.4,116.0,MYS
2017,65.2,117.0,JAM
2017,64.9,118.0,BHR
2017,64.6,119.0,CUB
2017,63.8,120.0,BWA
2017,62.6,121.0,CYP
2017,61.6,122.0,BRN
2017,61.5,123.0,GRD
2017,60.5,124.0,ALB
2017,59.4,125.0,SYC
2017,58.5,126.0,KWT
2017,57.5,127.0,GRC
2017,56.7,128.0,MNG
2017,56.7,128.0,TTO
2017,55.7,130.0,MNE
2017,54.8,131.0,ATG
2017,53.7,132.0,BGR
2017,52.5,133.0,OMN
2017,52.4,134.0,BHS
2017,52.0,135.0,HUN
2017,50.9,136.0,ROU
2017,50.7,137.0,PAN
2017,50.6,138.0,HRV
2017,49.6,139.0,BRB
2017,48.2,140.0,ARG
2017,46.4,141.0,LVA
2017,45.2,142.0,ITA
2017,44.7,143.0,EST
2017,44.3,144.0,SVK
2017,44.1,145.0,CRI
2017,44.0,146.0,QAT
2017,43.7,147.0,ARE
2017,41.7,149.0,LTU
2017,41.7,148.0,MUS
2017,41.1,150.0,CHL
2017,40.8,151.0,POL
2017,40.1,152.0,CZE
2017,38.6,153.0,MLT
2017,38.1,154.0,KOR
2017,37.9,155.0,ESP
2017,37.4,156.0,JPN
2017,36.8,157.0,URY
2017,35.6,158.0,USA
2017,33.5,159.0,FRA
2017,33.2,160.0,GBR
2017,32.5,161.0,SGP
2017,32.4,162.0,SVN
2017,30.8,163.0,BEL
2017,29.0,164.0,PRT
2017,28.1,165.0,DEU
2017,27.7,166.0,AUT
2017,27.4,167.0,NLD
2017,23.4,168.0,LUX
2017,22.6,169.0,CAN
2017,22.6,170.0,NZL
2017,22.5,171.0,ISL
2017,22.3,172.0,AUS
2017,22.3,172.0,IRL
2017,22.1,174.0,SWE
2017,21.5,175.0,DNK
2017,21.1,176.0,CHE
2017,20.5,177.0,NOR
2017,18.7,178.0,FIN
2018,113.3,1.0,SSD
2018,113.2,2.0,SOM
2018,112.7,3.0,YEM
2018,111.4,4.0,SYR
2018,111.2,5.0,CAF
2018,110.7,6.0,COD
2018,108.6,7.0,SDN
2018,108.2,8.0,TCD
2018,106.7,9.0,AFG
2018,102.3,10.0,ZWE
2018,102.2,11.0,IRQ
2018,101.9,12.0,HTI
2018,101.6,13.0,GIN
2018,99.9,14.0,NGA
2018,99.6,15.0,ETH
2018,98.1,16.0,GNB
2018,97.4,18.0,KEN
2018,97.4,17.0,BDI
2018,97.2,19.0,ERI
2018,96.3,20.0,PAK
2018,96.2,21.0,NER
2018,96.1,22.0,MMR
2018,95.3,23.0,CMR
2018,95.1,24.0,UGA
2018,94.6,25.0,LBY
2018,94.5,26.0,CIV
2018,93.7,27.0,MLI
2018,93.2,28.0,PRK
2018,93.2,29.0,COG
2018,92.6,30.0,LBR
2018,92.2,31.0,MRT
2018,90.3,32.0,BGD
2018,89.4,33.0,AGO
2018,89.3,34.0,RWA
2018,89.1,35.0,SLE
2018,88.7,36.0,EGY
2018,88.6,37.0,MOZ
2018,88.3,38.0,TLS
2018,87.9,39.0,NPL
2018,87.6,40.0,SWZ
2018,87.2,41.0,ZMB
2018,87.2,42.0,DJI
2018,87.1,43.0,GMB
2018,86.8,44.0,LBN
2018,86.5,45.0,BFA
2018,86.2,46.0,VEN
2018,85.5,47.0,PHL
2018,85.5,47.0,MWI
2018,85.2,49.0,TGO
2018,84.9,50.0,LKA
2018,84.7,51.0,PNG
2018,84.3,52.0,IRN
2018,84.0,53.0,KHM
2018,83.7,54.0,MDG
2018,83.4,55.0,GNQ
2018,83.1,56.0,SLB
2018,82.6,57.0,COM
2018,82.2,58.0,TUR
2018,81.8,59.0,GTM
2018,80.7,60.0,LAO
2018,80.1,61.0,LSO
2018,79.7,62.0,SEN
2018,79.5,63.0,TJK
2018,79.4,64.0,TZA
2018,79.1,65.0,UZB
2018,78.6,67.0,KGZ
2018,78.6,66.0,PSE
2018,77.3,68.0,HND
2018,77.2,69.0,RUS
2018,76.7,70.0,JOR
2018,76.6,71.0,COL
2018,76.3,72.0,IND
2018,75.7,73.0,DZA
2018,75.7,73.0,BEN
2018,75.3,75.0,NIC
2018,75.3,75.0,BOL
2018,75.0,77.0,THA
2018,74.6,78.0,AZE
2018,74.5,79.0,FJI
2018,74.5,80.0,FSM
2018,74.3,81.0,BTN
2018,74.2,82.0,ECU
2018,74.0,83.0,MAR
2018,74.0,83.0,GEO
2018,72.9,85.0,ZAF
2018,72.7,86.0,TKM
2018,72.6,87.0,UKR
2018,72.4,88.0,GAB
2018,72.4,88.0,MDV
2018,72.4,88.0,CHN
2018,72.3,91.0,IDN
2018,72.2,92.0,STP
2018,72.1,93.0,TUN
2018,71.5,94.0,MEX
2018,71.3,95.0,BIH
2018,71.1,96.0,SLV
2018,70.5,97.0,BLR
2018,70.4,98.0,GUY
2018,70.2,99.0,SAU
2018,70.1,100.0,PER
2018,69.8,101.0,PRY
2018,69.5,103.0,MDA
2018,69.6,102.0,ARM
2018,69.2,104.0,DOM
2018,68.8,105.0,NAM
2018,68.7,106.0,BRA
2018,68.4,107.0,VNM
2018,68.1,109.0,GHA
2018,68.1,108.0,SRB
2018,68.0,110.0,CPV
2018,65.6,111.0,WSM
2018,64.8,112.0,MKD
2018,64.4,113.0,BHR
2018,64.0,114.0,SUR
2018,63.7,115.0,BLZ
2018,63.6,116.0,MYS
2018,63.4,117.0,KAZ
2018,63.1,118.0,JAM
2018,62.9,119.0,CUB
2018,62.0,120.0,BWA
2018,60.4,121.0,CYP
2018,60.0,122.0,ALB
2018,59.9,123.0,GRD
2018,59.8,124.0,BRN
2018,56.8,125.0,SYC
2018,55.9,126.0,KWT
2018,55.6,127.0,ATG
2018,55.4,128.0,MNE
2018,55.3,129.0,GRC
2018,54.8,130.0,MNG
2018,54.6,131.0,TTO
2018,52.6,132.0,OMN
2018,51.6,133.0,BGR
2018,50.2,134.0,HUN
2018,50.0,135.0,BHS
2018,49.4,136.0,PAN
2018,49.4,136.0,ROU
2018,48.7,138.0,HRV
2018,48.2,139.0,BRB
2018,48.0,140.0,QAT
2018,46.0,141.0,ARG
2018,44.9,142.0,LVA
2018,43.8,143.0,ITA
2018,43.1,144.0,CRI
2018,42.9,145.0,EST
2018,42.8,146.0,ARE
2018,42.5,147.0,SVK
2018,41.5,148.0,POL
2018,41.3,149.0,ESP
2018,40.7,150.0,CHL
2018,40.5,151.0,MUS
2018,39.5,152.0,LTU
2018,39.0,153.0,CZE
2018,37.8,154.0,USA
2018,36.2,155.0,MLT
2018,35.8,156.0,KOR
2018,35.5,157.0,URY
2018,34.5,158.0,JPN
2018,34.2,159.0,GBR
2018,32.3,160.0,FRA
2018,30.4,161.0,SGP
2018,30.3,162.0,SVN
2018,29.7,163.0,BEL
2018,27.2,164.0,PRT
2018,26.2,165.0,AUT
2018,26.2,165.0,NLD
2018,25.8,167.0,DEU
2018,21.5,168.0,CAN
2018,20.9,169.0,NZL
2018,20.8,171.0,SWE
2018,20.8,171.0,AUS
2018,20.8,170.0,LUX
2018,20.7,173.0,IRL
2018,20.3,174.0,ISL
2018,19.7,175.0,DNK
2018,19.2,176.0,CHE
2018,18.3,177.0,NOR
2018,17.9,178.0,FIN
2019,113.5,1.0,YEM
2019,112.2,2.0,SOM
2019,112.2,2.0,SSD
2019,111.6,4.0,SYR
2019,110.2,5.0,COD
2019,108.9,6.0,CAF
2019,108.5,7.0,TCD
2019,107.9,8.0,SDN
2019,105.0,9.0,AFG
2019,99.5,10.0,ZWE
2019,99.4,11.0,GIN
2019,99.3,12.0,HTI
2019,99.1,13.0,IRQ
2019,98.6,14.0,NGA
2019,98.1,15.0,BDI
2019,97.0,16.0,CMR
2019,96.4,17.0,ERI
2019,96.3,18.0,NER
2019,95.4,19.0,GNB
2019,95.3,20.0,UGA
2019,94.6,21.0,MLI
2019,94.3,22.0,MMR
2019,94.2,24.0,PAK
2019,94.2,23.0,ETH
2019,93.6,25.0,KEN
2019,92.7,26.0,PRK
2019,92.5,27.0,COG
2019,92.1,28.0,LBY
2019,92.0,29.0,CIV
2019,90.2,30.0,LBR
2019,90.0,31.0,MRT
2019,89.3,32.0,VEN
2019,88.6,33.0,MOZ
2019,88.3,34.0,EGY
2019,87.8,35.0,AGO
2019,87.7,36.0,BGD
2019,87.5,37.0,RWA
2019,87.4,38.0,TGO
2019,86.8,39.0,SLE
2019,85.6,40.0,ZMB
2019,85.5,41.0,TLS
2019,85.3,42.0,SWZ
2019,85.1,43.0,DJI
2019,84.9,44.0,LBN
2019,84.7,45.0,NPL
2019,83.9,47.0,LKA
2019,83.8,48.0,BFA
2019,83.9,46.0,GMB
2019,83.4,49.0,MWI
2019,83.0,51.0,PNG
2019,83.1,50.0,PHL
2019,83.0,51.0,IRN
2019,82.6,53.0,GNQ
2019,82.6,53.0,KHM
2019,81.9,55.0,SLB
2019,81.6,56.0,COM
2019,81.3,57.0,GTM
2019,81.0,58.0,MDG
2019,80.3,59.0,TUR
2019,80.1,60.0,TZA
2019,79.6,61.0,LSO
2019,78.7,62.0,LAO
2019,78.1,63.0,NIC
2019,77.9,64.0,HND
2019,77.7,65.0,TJK
2019,77.3,66.0,SEN
2019,76.6,67.0,PSE
2019,76.2,68.0,KGZ
2019,75.9,69.0,JOR
2019,75.7,70.0,COL
2019,75.7,71.0,UZB
2019,75.2,72.0,DZA
2019,74.7,73.0,RUS
2019,74.3,74.0,IND
2019,73.6,75.0,BEN
2019,73.2,76.0,AZE
2019,73.1,77.0,THA
2019,72.9,80.0,MAR
2019,73.0,78.0,FSM
2019,72.9,79.0,BOL
2019,72.0,81.0,GEO
2019,71.9,82.0,BTN
2019,71.8,83.0,BRA
2019,71.7,84.0,FJI
2019,71.4,85.0,TKM
2019,71.3,86.0,BIH
2019,71.1,88.0,ECU
2019,71.1,91.0,STP
2019,71.1,88.0,CHN
2019,71.1,88.0,ZAF
2019,71.2,87.0,UKR
2019,70.4,93.0,GAB
2019,70.4,92.0,SAU
2019,70.4,93.0,IDN
2019,70.2,95.0,TUN
2019,69.8,96.0,SLV
2019,69.7,97.0,MDV
2019,69.6,98.0,MEX
2019,68.2,99.0,PER
2019,68.2,100.0,GUY
2019,68.2,100.0,BLR
2019,68.0,102.0,SRB
2019,67.2,103.0,MDA
2019,67.1,104.0,PRY
2019,66.8,105.0,ARM
2019,66.6,106.0,CPV
2019,66.5,107.0,NAM
2019,66.2,108.0,DOM
2019,66.1,109.0,VNM
2019,65.9,110.0,GHA
2019,64.6,111.0,MKD
2019,64.2,112.0,WSM
2019,63.9,113.0,BHR
2019,62.5,114.0,BLZ
2019,61.9,115.0,SUR
2019,61.6,116.0,KAZ
2019,61.2,117.0,JAM
2019,60.8,118.0,CUB
2019,60.5,119.0,MYS
2019,59.5,120.0,BWA
2019,58.9,121.0,ALB
2019,57.9,122.0,CYP
2019,57.6,123.0,GRD
2019,57.5,124.0,BRN
2019,55.2,125.0,MNE
2019,55.2,126.0,SYC
2019,54.4,127.0,ATG
2019,54.1,128.0,MNG
2019,54.0,129.0,GRC
2019,53.2,130.0,KWT
2019,53.0,131.0,TTO
2019,50.6,132.0,BGR
2019,49.9,133.0,OMN
2019,49.6,134.0,HUN
2019,48.8,135.0,BHS
2019,47.9,136.0,BRB
2019,47.9,136.0,ROU
2019,47.5,138.0,HRV
2019,47.0,139.0,PAN
2019,46.0,140.0,ARG
2019,45.5,141.0,QAT
2019,43.9,142.0,LVA
2019,43.8,143.0,ITA
2019,42.9,144.0,POL
2019,42.0,145.0,CRI
2019,40.7,146.0,EST
2019,40.6,147.0,ESP
2019,40.4,148.0,SVK
2019,40.1,149.0,ARE
2019,38.9,150.0,MUS
2019,38.9,151.0,CHL
2019,38.1,152.0,LTU
2019,38.0,153.0,USA
2019,37.6,154.0,CZE
2019,36.6,155.0,GBR
2019,34.6,156.0,MLT
2019,34.4,157.0,JPN
2019,34.0,158.0,URY
2019,33.7,159.0,KOR
2019,32.0,160.0,FRA
2019,28.7,161.0,BEL
2019,28.1,162.0,SGP
2019,28.0,163.0,SVN
2019,25.2,164.0,PRT
2019,24.9,165.0,AUT
2019,24.8,166.0,NLD
2019,24.7,167.0,DEU
2019,20.6,168.0,IRL
2019,20.4,169.0,LUX
2019,20.3,170.0,SWE
2019,20.1,171.0,NZL
2019,20.1,171.0,CAN
2019,19.8,173.0,ISL
2019,19.7,174.0,AUS
2019,19.5,175.0,DNK
2019,18.7,176.0,CHE
2019,18.0,177.0,NOR
2019,16.9,178.0,FIN
2020,112.5,1.0,YEM
2020,110.9,2.0,SOM
2020,110.8,3.0,SSD
2020,110.8,4.0,SYR
2020,109.4,5.0,COD
2020,107.5,6.0,CAF
2020,106.5,7.0,TCD
2020,104.8,8.0,SDN
2020,102.8,9.0,AFG
2020,99.2,10.0,ZWE
2020,97.8,12.0,BDI
2020,97.9,11.0,CMR
2020,97.7,13.0,HTI
2020,97.3,14.0,NGA
2020,97.2,15.0,GIN
2020,96.0,16.0,MLI
2020,95.9,18.0,IRQ
2020,95.9,17.0,ERI
2020,95.3,19.0,NER
2020,95.2,20.0,LBY
2020,94.6,21.0,ETH
2020,94.0,22.0,MMR
2020,92.8,23.0,GNB
2020,92.8,24.0,UGA
2020,92.1,25.0,PAK
2020,92.1,25.0,COG
2020,91.7,27.0,MOZ
2020,91.2,28.0,VEN
2020,90.3,29.0,KEN
2020,90.2,30.0,PRK
2020,90.1,31.0,LBR
2020,89.7,32.0,CIV
2020,88.8,33.0,MRT
2020,87.3,34.0,AGO
2020,86.1,35.0,RWA
2020,86.0,36.0,EGY
2020,85.9,37.0,BFA
2020,85.8,38.0,TGO
2020,85.7,39.0,BGD
2020,84.7,40.0,LBN
2020,84.4,41.0,ZMB
2020,84.4,42.0,SLE
2020,84.0,43.0,MWI
2020,83.4,44.0,IRN
2020,82.9,46.0,GNQ
2020,83.0,45.0,SWZ
2020,82.7,47.0,DJI
2020,82.7,47.0,TLS
2020,82.5,49.0,NPL
2020,82.3,50.0,PNG
2020,82.2,51.0,GMB
2020,81.8,52.0,LKA
2020,81.3,53.0,COM
2020,81.0,54.0,PHL
2020,80.3,55.0,KHM
2020,79.7,56.0,SLB
2020,79.5,57.0,MDG
2020,79.2,58.0,GTM
2020,79.2,58.0,TUR
2020,78.3,60.0,LSO
2020,78.2,61.0,TZA
2020,77.1,62.0,NIC
2020,76.8,63.0,LAO
2020,76.8,63.0,HND
2020,76.6,65.0,COL
2020,75.4,66.0,TJK
2020,75.4,66.0,JOR
2020,75.3,68.0,IND
2020,75.1,69.0,PSE
2020,74.9,70.0,BOL
2020,74.6,71.0,DZA
2020,74.6,71.0,SEN
2020,73.9,73.0,KGZ
2020,73.1,74.0,UZB
2020,73.0,75.0,BRA
2020,72.6,76.0,RUS
2020,72.6,76.0,BEN
2020,71.3,78.0,AZE
2020,71.2,79.0,FSM
2020,71.2,81.0,MAR
2020,71.2,80.0,GEO
2020,70.8,82.0,THA
2020,70.3,83.0,STP
2020,70.2,84.0,BIH
2020,70.1,85.0,ZAF
2020,69.9,86.0,CHN
2020,69.9,87.0,FJI
2020,69.5,88.0,BTN
2020,69.4,89.0,ECU
2020,69.1,91.0,GAB
2020,69.1,90.0,TKM
2020,69.0,92.0,UKR
2020,68.9,93.0,SLV
2020,68.8,94.0,SAU
2020,68.1,95.0,TUN
2020,67.9,96.0,IDN
2020,67.6,97.0,PER
2020,67.2,98.0,MEX
2020,66.2,99.0,MDV
2020,66.1,100.0,SRB
2020,66.0,101.0,MDA
2020,65.9,102.0,GUY
2020,65.8,103.0,BLR
2020,65.1,104.0,PRY
2020,65.1,104.0,NAM
2020,64.8,106.0,CPV
2020,64.3,107.0,DOM
2020,64.2,108.0,ARM
2020,64.2,108.0,GHA
2020,63.9,110.0,BHR
2020,63.9,110.0,VNM
2020,63.2,112.0,WSM
2020,62.1,113.0,MKD
2020,60.8,114.0,BLZ
2020,60.1,115.0,SUR
2020,60.0,116.0,JAM
2020,59.8,117.0,KAZ
2020,59.2,118.0,CUB
2020,58.8,119.0,ALB
2020,57.6,120.0,MYS
2020,57.1,121.0,BWA
2020,56.6,122.0,BRN
2020,56.1,123.0,CYP
2020,55.5,124.0,MNE
2020,55.3,125.0,GRD
2020,54.6,126.0,SYC
2020,52.1,128.0,GRC
2020,52.1,127.0,ATG
2020,51.9,130.0,TTO
2020,52.0,129.0,MNG
2020,50.9,131.0,KWT
2020,49.9,132.0,BHS
2020,49.2,133.0,BGR
2020,48.0,134.0,OMN
2020,47.7,135.0,HUN
2020,46.7,136.0,ROU
2020,46.5,137.0,BRB
2020,46.0,138.0,HRV
2020,46.0,139.0,ARG
2020,46.0,139.0,PAN
2020,43.8,141.0,QAT
2020,42.5,142.0,CHL
2020,42.3,143.0,ITA
2020,42.3,143.0,LVA
2020,41.0,145.0,POL
2020,40.4,146.0,ESP
2020,40.1,147.0,CRI
2020,38.6,148.0,EST
2020,38.2,150.0,USA
2020,38.2,149.0,GBR
2020,38.1,152.0,SVK
2020,38.1,151.0,ARE
2020,37.2,153.0,MUS
2020,36.5,154.0,LTU
2020,35.7,155.0,CZE
2020,33.5,157.0,MLT
2020,33.5,156.0,URY
2020,32.3,158.0,JPN
2020,32.0,159.0,KOR
2020,30.5,160.0,FRA
2020,27.1,161.0,BEL
2020,26.2,162.0,SGP
2020,25.9,163.0,SVN
2020,24.1,164.0,AUT
2020,23.5,165.0,PRT
2020,23.2,166.0,DEU
2020,22.9,167.0,NLD
2020,19.9,168.0,IRL
2020,19.7,169.0,AUS
2020,18.7,170.0,LUX
2020,18.6,171.0,CAN
2020,18.2,172.0,SWE
2020,17.9,173.0,NZL
2020,17.8,174.0,ISL
2020,17.2,175.0,DNK
2020,17.1,176.0,CHE
2020,16.2,177.0,NOR
2020,14.6,178.0,FIN
2021,111.7,1.0,YEM
2021,110.9,2.0,SOM
2021,110.7,3.0,SYR
2021,109.4,4.0,SSD
2021,108.4,5.0,COD
2021,107.0,6.0,CAF
2021,105.8,7.0,TCD
2021,105.2,8.0,SDN
2021,102.1,9.0,AFG
2021,99.1,10.0,ZWE
2021,99.0,11.0,ETH
2021,98.0,12.0,NGA
2021,97.5,13.0,HTI
2021,97.4,14.0,GIN
2021,97.2,15.0,CMR
2021,97.1,16.0,BDI
2021,97.0,17.0,ERI
2021,97.0,17.0,LBY
2021,96.6,19.0,MLI
2021,96.2,20.0,IRQ
2021,96.0,21.0,NER
2021,93.9,22.0,MOZ
2021,93.8,23.0,MMR
2021,92.9,24.0,UGA
2021,92.6,25.0,VEN
2021,92.4,26.0,COG
2021,92.0,27.0,GNB
2021,90.7,28.0,CIV
2021,90.5,29.0,PAK
2021,90.0,30.0,PRK
2021,89.5,31.0,LBR
2021,89.2,32.0,KEN
2021,89.1,33.0,MRT
2021,89.0,34.0,LBN
2021,89.0,34.0,AGO
2021,87.1,36.0,BFA
2021,86.0,37.0,PSE
2021,85.1,38.0,TGO
2021,85.0,39.0,BGD
2021,85.0,39.0,EGY
2021,85.0,41.0,RWA
2021,84.9,42.0,ZMB
2021,84.5,43.0,IRN
2021,84.1,44.0,GNQ
2021,83.4,45.0,SLE
2021,83.2,46.0,MWI
2021,82.5,47.0,SWZ
2021,82.5,48.0,COM
2021,82.4,49.0,DJI
2021,82.4,49.0,PHL
2021,82.2,51.0,NPL
2021,80.9,52.0,TLS
2021,80.9,53.0,PNG
2021,80.6,54.0,KHM
2021,80.5,55.0,LKA
2021,80.5,56.0,GMB
2021,79.7,57.0,TUR
2021,79.5,58.0,MDG
2021,79.4,59.0,HND
2021,79.4,59.0,GTM
2021,79.3,61.0,SLB
2021,79.3,62.0,COL
2021,79.3,62.0,TZA
2021,77.9,64.0,LSO
2021,77.1,65.0,NIC
2021,77.0,66.0,IND
2021,76.8,67.0,JOR
2021,76.4,68.0,KGZ
2021,76.0,69.0,LAO
2021,75.8,70.0,BRA
2021,75.1,71.0,AZE
2021,75.1,72.0,TJK
2021,74.9,73.0,BOL
2021,73.6,74.0,DZA
2021,73.6,75.0,RUS
2021,73.4,76.0,SEN
2021,72.9,77.0,BIH
2021,72.8,78.0,BEN
2021,72.6,79.0,GEO
2021,72.0,80.0,UZB
2021,71.7,81.0,FSM
2021,71.6,82.0,SLV
2021,71.5,83.0,STP
2021,71.5,83.0,MAR
2021,71.4,85.0,PER
2021,71.2,86.0,ECU
2021,70.9,87.0,THA
2021,70.4,88.0,FJI
2021,70.0,89.0,ZAF
2021,69.9,90.0,MEX
2021,69.8,91.0,ARM
2021,69.8,91.0,UKR
2021,69.7,93.0,SAU
2021,69.2,94.0,TUN
2021,68.9,95.0,CHN
2021,68.3,96.0,BTN
2021,68.2,97.0,TKM
2021,68.0,98.0,BLR
2021,67.6,99.0,IDN
2021,67.6,99.0,MDV
2021,67.4,101.0,SRB
2021,67.4,101.0,GAB
2021,67.0,103.0,MDA
2021,66.7,104.0,BHR
2021,66.4,105.0,PRY
2021,66.1,106.0,GUY
2021,64.7,107.0,DOM
2021,64.5,108.0,MKD
2021,64.3,109.0,NAM
2021,64.2,110.0,WSM
2021,64.2,110.0,CPV
2021,64.2,110.0,BLZ
2021,63.9,113.0,GHA
2021,63.3,114.0,VNM
2021,61.5,115.0,SUR
2021,61.2,116.0,KAZ
2021,61.2,117.0,JAM
2021,59.5,118.0,CUB
2021,59.0,119.0,ALB
2021,58.5,120.0,MNE
2021,57.4,121.0,CYP
2021,57.0,122.0,BWA
2021,56.9,123.0,MYS
2021,56.3,124.0,SYC
2021,56.3,125.0,BRN
2021,56.1,126.0,GRD
2021,54.9,127.0,ATG
2021,54.5,128.0,GRC
2021,52.9,129.0,KWT
2021,52.9,130.0,TTO
2021,52.4,131.0,BHS
2021,52.3,132.0,MNG
2021,51.6,133.0,BGR
2021,51.1,134.0,HUN
2021,51.0,135.0,ROU
2021,50.4,136.0,OMN
2021,50.1,137.0,ARG
2021,49.8,138.0,HRV
2021,48.7,139.0,PAN
2021,47.0,140.0,BRB
2021,45.2,141.0,ITA
2021,44.8,142.0,ESP
2021,44.6,143.0,USA
2021,44.1,144.0,CHL
2021,44.1,144.0,QAT
2021,44.0,146.0,LVA
2021,43.1,147.0,POL
2021,43.0,148.0,ISR
2021,42.5,149.0,CRI
2021,41.5,150.0,GBR
2021,40.3,151.0,ARE
2021,39.5,152.0,EST
2021,39.3,153.0,CZE
2021,39.0,154.0,SVK
2021,38.7,155.0,LTU
2021,38.1,156.0,MUS
2021,36.2,157.0,MLT
2021,35.9,158.0,URY
2021,32.5,159.0,KOR
2021,32.5,160.0,FRA
2021,32.2,161.0,JPN
2021,31.0,162.0,BEL
2021,28.2,163.0,SVN
2021,26.8,164.0,PRT
2021,26.6,165.0,SGP
2021,26.1,166.0,AUT
2021,24.8,167.0,DEU
2021,24.1,168.0,NLD
2021,22.2,169.0,IRL
2021,21.8,170.0,AUS
2021,21.7,171.0,CAN
2021,21.4,172.0,SWE
2021,21.1,173.0,LUX
2021,19.9,174.0,CHE
2021,18.8,175.0,DNK
2021,18.4,176.0,NZL
2021,18.0,177.0,ISL
2021,16.6,178.0,NOR
2021,16.2,179.0,FIN
2022,111.7,1.0,YEM
2022,110.5,2.0,SOM
2022,108.4,3.0,SYR
2022,108.4,4.0,SSD
2022,108.1,5.0,CAF
2022,107.3,6.0,COD
2022,107.1,7.0,SDN
2022,105.9,8.0,AFG
2022,105.7,9.0,TCD
2022,100.0,10.0,MMR
2022,99.7,11.0,HTI
2022,99.6,12.0,GIN
2022,99.3,13.0,ETH
2022,98.6,14.0,MLI
2022,97.8,15.0,ZWE
2022,97.2,16.0,NGA
2022,96.0,17.0,CMR
2022,95.9,18.0,ERI
2022,95.4,19.0,BDI
2022,95.2,20.0,NER
2022,94.3,21.0,LBY
2022,94.3,21.0,MOZ
2022,93.8,23.0,IRQ
2022,92.2,24.0,COG
2022,92.1,25.0,UGA
2022,91.6,26.0,VEN
2022,91.3,27.0,GNB
2022,91.3,28.0,LBN
2022,90.5,29.0,BFA
2022,89.7,30.0,PAK
2022,89.6,31.0,CIV
2022,89.1,32.0,PRK
2022,88.2,34.0,LBR
2022,88.2,33.0,KEN
2022,88.1,35.0,AGO
2022,87.9,36.0,MRT
2022,85.6,37.0,PSE
2022,84.5,38.0,BGD
2022,84.1,40.0,GNQ
2022,84.1,39.0,IRN
2022,83.7,41.0,RWA
2022,83.6,42.0,EGY
2022,83.6,43.0,ZMB
2022,83.6,43.0,TGO
2022,83.0,45.0,MWI
2022,82.4,46.0,SLE
2022,82.3,47.0,COM
2022,81.3,48.0,DJI
2022,80.6,49.0,NPL
2022,80.5,50.0,KHM
2022,80.5,50.0,PHL
2022,80.4,54.0,MDG
2022,80.4,52.0,SWZ
2022,80.4,52.0,SLB
2022,79.5,55.0,PNG
2022,79.3,56.0,LKA
2022,79.3,57.0,TLS
2022,78.7,58.0,HND
2022,78.6,59.0,GMB
2022,78.4,60.0,COL
2022,78.2,61.0,TZA
2022,78.1,62.0,TUR
2022,77.7,63.0,NIC
2022,77.5,64.0,GTM
2022,77.4,65.0,LSO
2022,77.1,66.0,KGZ
2022,76.6,67.0,JOR
2022,75.5,68.0,LAO
2022,75.3,69.0,IND
2022,75.0,70.0,TJK
2022,73.9,71.0,BRA
2022,73.4,72.0,BOL
2022,73.1,73.0,AZE
2022,73.0,74.0,BIH
2022,72.6,75.0,RUS
2022,72.5,76.0,BEN
2022,72.2,77.0,DZA
2022,72.1,78.0,SEN
2022,72.0,79.0,ZAF
2022,71.8,80.0,GEO
2022,71.0,81.0,FSM
2022,70.8,82.0,SLV
2022,70.4,83.0,STP
2022,70.3,84.0,MEX
2022,70.1,85.0,MAR
2022,70.0,86.0,THA
2022,69.8,87.0,PER
2022,69.6,88.0,UZB
2022,69.1,89.0,ECU
2022,68.9,90.0,FJI
2022,68.7,91.0,BLR
2022,68.6,92.0,UKR
2022,68.2,93.0,TUN
2022,67.8,94.0,SRB
2022,67.5,95.0,SAU
2022,67.4,96.0,BTN
2022,67.0,97.0,ARM
2022,66.9,98.0,CHN
2022,66.7,99.0,GAB
2022,66.6,100.0,BHR
2022,66.6,101.0,IDN
2022,66.5,102.0,TKM
2022,65.4,103.0,PRY
2022,64.8,104.0,WSM
2022,64.5,105.0,MDV
2022,64.5,105.0,MDA
2022,64.2,107.0,GUY
2022,63.0,108.0,GHA
2022,62.9,109.0,NAM
2022,62.8,110.0,DOM
2022,62.6,111.0,MKD
2022,62.1,112.0,JAM
2022,62.1,112.0,BLZ
2022,61.4,114.0,CPV
2022,60.9,115.0,VNM
2022,60.8,116.0,SUR
2022,60.1,117.0,CUB
2022,59.5,118.0,KAZ
2022,57.9,119.0,MNE
2022,56.9,120.0,CYP
2022,56.7,121.0,ALB
2022,56.4,122.0,MYS
2022,56.1,123.0,BWA
2022,55.8,124.0,GRC
2022,55.1,125.0,BRN
2022,54.3,126.0,GRD
2022,54.2,127.0,ATG
2022,54.2,128.0,SYC
2022,52.4,129.0,TTO
2022,52.2,130.0,KWT
2022,51.6,131.0,BGR
2022,51.6,131.0,MNG
2022,50.8,133.0,HUN
2022,50.8,134.0,ROU
2022,50.6,135.0,BHS
2022,49.5,136.0,OMN
2022,49.3,137.0,HRV
2022,47.9,138.0,ARG
2022,47.5,139.0,PAN
2022,46.6,140.0,USA
2022,45.9,141.0,BRB
2022,44.4,142.0,ESP
2022,43.4,143.0,ITA
2022,43.2,144.0,CHL
2022,42.8,145.0,LVA
2022,42.6,146.0,ISR
2022,42.3,147.0,QAT
2022,42.2,148.0,POL
2022,41.0,149.0,CRI
2022,40.6,150.0,GBR
2022,39.9,151.0,CZE
2022,39.1,152.0,ARE
2022,38.6,153.0,LTU
2022,37.9,154.0,MUS
2022,37.7,155.0,EST
2022,37.1,156.0,SVK
2022,35.2,157.0,URY
2022,34.7,158.0,MLT
2022,32.7,159.0,KOR
2022,31.9,160.0,BEL
2022,31.0,161.0,JPN
2022,30.9,162.0,FRA
2022,27.7,163.0,SVN
2022,27.5,164.0,PRT
2022,25.8,165.0,SGP
2022,25.4,166.0,AUT
2022,23.6,167.0,DEU
2022,22.7,168.0,AUS
2022,22.1,169.0,NLD
2022,20.9,170.0,SWE
2022,20.8,171.0,IRL
2022,20.1,172.0,CAN
2022,20.0,173.0,LUX
2022,18.9,174.0,CHE
2022,18.1,175.0,DNK
2022,17.5,176.0,NZL
2022,17.1,177.0,ISL
2022,15.6,178.0,NOR
2022,15.1,179.0,FIN
2023,111.9,1.0,SOM
2023,108.9,2.0,YEM
2023,108.5,3.0,SSD
2023,107.2,4.0,COD
2023,107.1,5.0,SYR
2023,106.6,6.0,AFG
2023,106.2,7.0,SDN
2023,105.7,8.0,CAF
2023,104.6,9.0,TCD
2023,102.9,10.0,HTI
2023,100.4,11.0,ETH
2023,100.2,12.0,MMR
2023,99.5,13.0,MLI
2023,98.5,14.0,GIN
2023,98.0,15.0,NGA
2023,96.9,16.0,ZWE
2023,96.1,17.0,LBY
2023,95.9,18.0,UKR
2023,94.5,19.0,ERI
2023,94.2,20.0,BDI
2023,94.0,21.0,BFA
2023,94.0,22.0,MOZ
2023,94.0,23.0,CMR
2023,93.4,24.0,NER
2023,91.8,25.0,LBN
2023,91.5,26.0,UGA
2023,91.4,27.0,IRQ
2023,90.7,28.0,COG
2023,90.5,29.0,VEN
2023,90.3,30.0,LKA
2023,89.9,31.0,GNB
2023,89.9,32.0,PAK
2023,88.9,33.0,LBR
2023,87.9,34.0,PSE
2023,87.8,35.0,KEN
2023,87.1,36.0,CIV
2023,87.0,37.0,MRT
2023,87.0,37.0,PRK
2023,86.9,39.0,AGO
2023,85.4,40.0,IRN
2023,85.2,41.0,BGD
2023,84.4,42.0,GNQ
2023,83.2,43.0,MWI
2023,82.3,44.0,RWA
2023,82.2,45.0,COM
2023,82.2,46.0,DJI
2023,82.1,47.0,TGO
2023,81.8,48.0,ZMB
2023,81.7,49.0,MDG
2023,81.6,50.0,EGY
2023,81.4,51.0,SLE
2023,81.2,52.0,TUR
2023,80.7,53.0,RUS
2023,80.3,54.0,KHM
2023,80.2,55.0,NPL
2023,79.6,56.0,SLB
2023,79.6,57.0,HND
2023,79.1,58.0,SWZ
2023,78.1,59.0,COL
2023,78.1,59.0,PNG
2023,77.8,61.0,PHL
2023,77.7,62.0,NIC
2023,77.5,63.0,TLS
2023,77.3,64.0,GTM
2023,76.6,65.0,TZA
2023,76.3,66.0,LSO
2023,76.1,67.0,GMB
2023,75.7,68.0,JOR
2023,75.6,69.0,KGZ
2023,74.7,70.0,LAO
2023,74.5,71.0,BRA
2023,74.2,72.0,TJK
2023,74.1,73.0,IND
2023,73.3,74.0,BEN
2023,73.1,75.0,PER
2023,72.7,76.0,AZE
2023,72.3,77.0,BIH
2023,72.0,78.0,ZAF
2023,71.9,79.0,GEO
2023,71.5,80.0,SEN
2023,70.7,81.0,BOL
2023,70.2,82.0,FJI
2023,70.0,83.0,DZA
2023,69.9,84.0,BLR
2023,69.8,85.0,MEX
2023,69.7,86.0,STP
2023,69.4,87.0,ECU
2023,69.3,88.0,FSM
2023,69.3,89.0,SLV
2023,68.2,90.0,MAR
2023,68.0,91.0,THA
2023,67.9,92.0,SRB
2023,67.5,93.0,ARM
2023,67.4,94.0,MDA
2023,66.8,95.0,UZB
2023,66.4,96.0,BTN
2023,66.4,97.0,TUN
2023,65.6,98.0,IDN
2023,65.5,99.0,GAB
2023,65.3,100.0,SAU
2023,65.1,101.0,WSM
2023,65.1,101.0,BHR
2023,65.1,101.0,CHN
2023,64.5,104.0,TKM
2023,63.7,105.0,PRY
2023,62.9,106.0,MDV
2023,62.3,107.0,GHA
2023,61.9,108.0,JAM
2023,61.6,109.0,GUY
2023,60.8,110.0,DOM
2023,60.6,111.0,KAZ
2023,60.3,112.0,NAM
2023,60.3,113.0,MKD
2023,60.1,114.0,CPV
2023,59.8,115.0,BLZ
2023,59.7,116.0,SUR
2023,59.5,117.0,CUB
2023,58.3,118.0,VNM
2023,58.0,119.0,MNE
2023,57.0,120.0,CYP
2023,56.8,121.0,ALB
2023,55.3,122.0,BWA
2023,55.1,123.0,GRC
2023,55.0,124.0,MYS
2023,54.7,125.0,BRN
2023,53.8,126.0,ATG
2023,53.7,127.0,GRD
2023,53.3,128.0,SYC
2023,53.0,129.0,ROU
2023,52.9,130.0,TTO
2023,51.8,131.0,BGR
2023,51.3,132.0,MNG
2023,51.2,133.0,KWT
2023,49.2,134.0,BHS
2023,48.8,135.0,HUN
2023,48.7,136.0,PAN
2023,48.7,136.0,OMN
2023,48.7,138.0,HRV
2023,46.4,139.0,ARG
2023,45.4,140.0,BRB
2023,45.3,141.0,USA
2023,45.2,142.0,POL
2023,44.1,143.0,ISR
2023,43.5,144.0,ESP
2023,43.3,145.0,LVA
2023,42.6,146.0,ITA
2023,42.2,147.0,CHL
2023,41.9,148.0,GBR
2023,40.5,149.0,QAT
2023,40.4,150.0,CRI
2023,40.2,151.0,CZE
2023,39.4,152.0,LTU
2023,38.6,153.0,EST
2023,38.0,154.0,MUS
2023,37.8,155.0,SVK
2023,37.0,156.0,ARE
2023,34.4,157.0,URY
2023,33.0,158.0,MLT
2023,31.5,159.0,KOR
2023,31.4,160.0,BEL
2023,30.5,161.0,JPN
2023,28.8,162.0,FRA
2023,27.3,163.0,SVN
2023,25.7,164.0,PRT
2023,25.5,165.0,SGP
2023,24.6,166.0,DEU
2023,24.4,167.0,AUT
2023,22.0,168.0,AUS
2023,21.0,169.0,NLD
2023,20.6,170.0,SWE
2023,19.5,171.0,LUX
2023,19.5,171.0,IRL
2023,18.9,173.0,CAN
2023,17.9,174.0,DNK
2023,17.8,175.0,CHE
2023,16.7,176.0,NZL
2023,16.0,177.0,FIN
2023,15.7,178.0,ISL
2023,14.5,179.0,NOR
