date,inflation_volatility_12m
2025-12-01,0.008179843007815308
2025-11-01,0.008340219891871477
2025-10-01,0.008273379432858911
2025-09-01,0.00803123959035948
2025-08-01,0.0076519536798298855
2025-07-01,0.007166201212237432
2025-06-01,0.006600799688611717
2025-05-01,0.005981310051365608
2025-04-01,0.005334508448622262
2025-03-01,0.004691366364798822
2025-02-01,0.004090976540524475
2025-01-01,0.0035847185596099597
2024-12-01,0.003235648593896306
2024-11-01,0.00371299604152821
2024-10-01,0.004399613107716399
2024-09-01,0.005213380974624798
2024-08-01,0.0060908820191345
2024-07-01,0.006985498338806472
2024-06-01,0.00786044902825849
2024-05-01,0.008683421610874325
2024-04-01,0.009422906888458968
2024-03-01,0.010045328164782277
2024-02-01,0.01051210402748772
2024-01-01,0.010775686196094222
2023-12-01,0.010772931483454897
2023-11-01,0.010574859185705296
2023-10-01,0.009791075639271087
2023-09-01,0.008643192172127062
2023-08-01,0.007324477090865814
2023-07-01,0.0060597588792542095
2023-06-01,0.005160528279262999
2023-05-01,0.004972503779149814
2023-04-01,0.005562828915231044
2023-03-01,0.006616332939576937
2023-02-01,0.0077591111506955125
2023-01-01,0.008698466096057518
2022-12-01,0.009164390046370008
2022-11-01,0.009622177700691589
2022-10-01,0.009991296606627505
2022-09-01,0.010279253673137216
2022-08-01,0.010491108850454187
2022-07-01,0.010630200646883312
2022-06-01,0.010698564439326201
2022-05-01,0.010697166839542414
2022-04-01,0.010626015350636675
2022-03-01,0.010484168115223342
2022-02-01,0.010269645039814326
2022-01-01,0.009979218505456931
2021-12-01,0.009608029050598045
2021-11-01,0.009565919087321153
2021-10-01,0.00913862996437248
2021-09-01,0.00843241236434497
2021-08-01,0.007524535848221441
2021-07-01,0.006477675307014299
2021-06-01,0.005348072174873007
2021-05-01,0.004192461557972577
2021-04-01,0.0030784911682548537
2021-03-01,0.002109795703893282
2021-02-01,0.0014833585454614088
2021-01-01,0.001405579608439838
2020-12-01,0.0016047688601530988
2020-11-01,0.0016795620621938815
2020-10-01,0.0017426758509311926
2020-09-01,0.0017947526520058622
2020-08-01,0.0018361321916615285
2020-07-01,0.0018669130839570351
2020-06-01,0.0018869842010379387
2020-05-01,0.0018960346822147604
2020-04-01,0.0018935457877531283
2020-03-01,0.0018787637176747498
2020-02-01,0.0018506482271095192
2020-01-01,0.0018077855325148782
2019-12-01,0.0017482423473154898
2019-11-01,0.0017228886753902
2019-10-01,0.001615687069947268
2019-09-01,0.0014527437701574017
2019-08-01,0.0012543207903309467
2019-07-01,0.0010395938991232465
2019-06-01,0.0008312999525246318
2019-05-01,0.0006624131145376205
2019-04-01,0.0005783521814541106
2019-03-01,0.0006036527470893576
2019-02-01,0.0007001060676913855
2019-01-01,0.0008052938172304999
2018-12-01,0.0008666077757650089
2018-11-01,0.0009758869942057075
2018-10-01,0.0011295129677080307
2018-09-01,0.001309506472014232
2018-08-01,0.0015016132117539886
2018-07-01,0.0016950915577723844
2018-06-01,0.001881396582820736
2018-05-01,0.002053062673003363
2018-04-01,0.002202888867320096
2018-03-01,0.0023232732265197746
2018-02-01,0.0024055146684405972
2018-01-01,0.002438852802982887
2017-12-01,0.002408823334912873
2017-11-01,0.0025453697366730255
2017-10-01,0.0026839317411153597
2017-09-01,0.0028192602998750476
2017-08-01,0.002946744684907688
2017-07-01,0.0030621987843794155
2017-06-01,0.0031616524804756233
2017-05-01,0.003241148428182539
2017-04-01,0.0032965298789705394
2017-03-01,0.003323193109735664
2017-02-01,0.0033157603494257818
2017-01-01,0.0032675936684522394
2016-12-01,0.0031699893513264217
2016-11-01,0.0030262747043898323
2016-10-01,0.0027093998486548906
2016-09-01,0.0023177874217382103
2016-08-01,0.0019607824495453466
2016-07-01,0.001779513859225653
2016-06-01,0.0018871276429937318
2016-05-01,0.0022506620474392483
2016-04-01,0.002743987712335848
2016-03-01,0.003258135960861348
2016-02-01,0.003714410645087745
2016-01-01,0.004044420184566428
2015-12-01,0.004170120174878882
2015-11-01,0.004163939224922261
2015-10-01,0.003995289954175423
2015-09-01,0.003707898963752865
2015-08-01,0.003333376750058023
2015-07-01,0.0028970035555529023
2015-06-01,0.0024208198260635156
2015-05-01,0.0019258022364395926
2015-04-01,0.001434252900639865
2015-03-01,0.0009744674388851234
2015-02-01,0.0005953383120025465
2015-01-01,0.0004040487896318023
2014-12-01,0.0004365132902538249
2014-11-01,0.0003913777653970715
2014-10-01,0.0003463758133518749
2014-09-01,0.00037104694565958806
2014-08-01,0.0004879750994226312
2014-07-01,0.0006619035241237426
2014-06-01,0.0008598196876015315
2014-05-01,0.0010620409051899649
2014-04-01,0.001254927994593441
2014-03-01,0.0014266033145106177
2014-02-01,0.0015647248161786936
2014-01-01,0.001654621106494094
2013-12-01,0.0016765261510577863
2013-11-01,0.001806859978849272
2013-10-01,0.0019629917028730296
2013-09-01,0.002133759131041378
2013-08-01,0.0023096234825294402
2013-07-01,0.002482496207098401
2013-06-01,0.0026452872735355498
2013-05-01,0.0027914194480059655
2013-04-01,0.002914366468780972
2013-03-01,0.0030071864819461495
2013-02-01,0.0030619740418422175
2013-01-01,0.0030690928360969684
2012-12-01,0.003015912671136116
2012-11-01,0.0028843664739825283
2012-10-01,0.0025824250794317842
2012-09-01,0.0022109887321433916
2012-08-01,0.0018836214122604133
2012-07-01,0.0017436968015983162
2012-06-01,0.0018920166106549117
2012-05-01,0.0022800501803948887
2012-04-01,0.0027833215634875505
2012-03-01,0.0032998304738566446
2012-02-01,0.003755208688697044
2012-01-01,0.004083177533415421
2011-12-01,0.004206733500250585
2011-11-01,0.0044488302944819475
2011-10-01,0.004694205640427057
2011-09-01,0.0049334419900620985
2011-08-01,0.005158314756472877
2011-07-01,0.005361398149250722
2011-06-01,0.005535685158642236
2011-05-01,0.0056742216315523
2011-04-01,0.0057697279681206155
2011-03-01,0.005814160770653453
2011-02-01,0.005798135777201391
2011-01-01,0.0057100707701575465
2010-12-01,0.005534763228783416
2010-11-01,0.00516068482660652
2010-10-01,0.004497353490080953
2010-09-01,0.0038771221143613596
2010-08-01,0.003702511347084008
2010-07-01,0.00423587507252855
2010-06-01,0.005332716296365588
2010-05-01,0.006700935497154645
2010-04-01,0.00812632922898964
2010-03-01,0.009461620372671242
2010-02-01,0.010583239550495678
2010-01-01,0.011361630987295994
2009-12-01,0.011632260719453206
2009-11-01,0.01159795865183157
2009-10-01,0.01106770321152221
2009-09-01,0.01018114385456857
2009-08-01,0.009039980697487758
2009-07-01,0.007728092397147406
2009-06-01,0.006323831316788351
2009-05-01,0.004912737006484406
2009-04-01,0.0036106222104514197
2009-03-01,0.0026138134383108832
2009-02-01,0.0022134277368806403
2009-01-01,0.0024173810061370476
2008-12-01,0.002735649329352146
2008-11-01,0.002709495404510223
2008-10-01,0.002560516079235138
2008-09-01,0.0023255651711643582
2008-08-01,0.0020322939137382536
2008-07-01,0.0017050582983744956
2008-06-01,0.0013696340189143612
2008-05-01,0.0010600364229273235
2008-04-01,0.0008294984538825567
2008-03-01,0.0007455767830534696
2008-02-01,0.0008139351698058747
2008-01-01,0.0009439364759232282
2007-12-01,0.0010351683435362428
2007-11-01,0.001058104641829297
2007-10-01,0.0010535889442277243
2007-09-01,0.001027762942304872
2007-08-01,0.0009851591849212823
2007-07-01,0.0009294359247982103
2007-06-01,0.0008638024716710946
2007-05-01,0.000791325377273399
2007-04-01,0.0007152118375431953
2007-03-01,0.0006391337294834067
2007-02-01,0.0005676233483615467
2007-01-01,0.0005064555301797975
2006-12-01,0.0004625778056729553
2006-11-01,0.00041275815942153055
2006-10-01,0.00037304507949346435
2006-09-01,0.000425589394665093
2006-08-01,0.0005808629935595106
2006-07-01,0.0007932362975664641
2006-06-01,0.001028414567110347
2006-05-01,0.0012661775727335776
2006-04-01,0.0014918869245499893
2006-03-01,0.0016923145228701648
2006-02-01,0.0018534221818290737
2006-01-01,0.0019583550115463547
2005-12-01,0.001984334236217774
2005-11-01,0.002036729410720149
2005-10-01,0.002043727697708344
2005-09-01,0.002014943606052378
2005-08-01,0.0019575677910312335
2005-07-01,0.0018774495762988045
2005-06-01,0.0017797345134185907
2005-05-01,0.0016693151619779447
2005-04-01,0.0015512191353074236
2005-03-01,0.0014310013253472562
2005-02-01,0.0013151592732817071
2005-01-01,0.0012114962074774587
2004-12-01,0.0011291529702705235
2004-11-01,0.0012125021873065928
2004-10-01,0.0013093049657276576
2004-09-01,0.0014131224687445043
2004-08-01,0.001518460876388335
2004-07-01,0.001620627791833295
2004-06-01,0.0017154730881527324
2004-05-01,0.001799118768139564
2004-04-01,0.0018676990736929673
2004-03-01,0.0019170918382145977
2004-02-01,0.0019425963551446843
2004-01-01,0.0019384765746633184
2003-12-01,0.0018972049601564643
2003-11-01,0.001787883255331547
2003-10-01,0.0015734210237465292
2003-09-01,0.001344338442940025
2003-08-01,0.0012115106384211298
2003-07-01,0.0012800344536574913
2003-06-01,0.0015506220387364752
2003-05-01,0.0019372928853586219
2003-04-01,0.0023608033609478444
2003-03-01,0.0027666474596620997
2003-02-01,0.0031119032387703313
2003-01-01,0.003353795108022642
2002-12-01,0.00343926990901504
2002-11-01,0.0035129747840512825
2002-10-01,0.003495859688936207
2002-09-01,0.003408283257968635
2002-08-01,0.0032652856441158008
2002-07-01,0.0030790114012598955
2002-06-01,0.0028601144498609614
2002-05-01,0.0026187709279199196
2002-04-01,0.0023656178628562426
2002-03-01,0.002112827524873462
2002-02-01,0.0018754202774126352
2002-01-01,0.0016725309323449846
2001-12-01,0.001527165781006541
2001-11-01,0.0014276883721141965
2001-10-01,0.001246383153843775
2001-09-01,0.00108038720147165
2001-08-01,0.0010449269874074985
2001-07-01,0.001208909858326559
2001-06-01,0.0015267199274104821
2001-05-01,0.0019169547826938902
2001-04-01,0.00232083972132286
2001-03-01,0.0026975100883102096
2001-02-01,0.0030121433315514687
2001-01-01,0.003227786448141814
2000-12-01,0.00329707209288208
2000-11-01,0.0033775097136956107
2000-10-01,0.003380432084883947
2000-09-01,0.003322449570428738
2000-08-01,0.003215973443147614
2000-07-01,0.0030710957958499075
2000-06-01,0.002896696473250103
2000-05-01,0.0027012314654046485
2000-04-01,0.0024934245094672207
2000-03-01,0.0022829870555549974
2000-02-01,0.002081406675979845
2000-01-01,0.0019026533923582585
1999-12-01,0.0017632075409192303
1999-11-01,0.0016916799438538971
1999-10-01,0.0015232705763920731
1999-09-01,0.0013086419102121584
1999-08-01,0.001101981441064973
1999-07-01,0.0009743628030482916
1999-06-01,0.0009940850665017043
1999-05-01,0.0011610029942493143
1999-04-01,0.0014112424191299684
1999-03-01,0.0016815767850464874
1999-02-01,0.0019260156534638545
1999-01-01,0.0021058814798745468
1998-12-01,0.0021782253166206834
1998-11-01,0.002250806321172671
1998-10-01,0.0022851229330229316
1998-09-01,0.002288472751155241
1998-08-01,0.0022663738218058915
1998-07-01,0.002223299307279004
1998-06-01,0.002163113916957507
1998-05-01,0.0020893680004741124
1998-04-01,0.002005523548914622
1998-03-01,0.001915150683855254
1998-02-01,0.0018221131824321022
1998-01-01,0.001730743253315363
1997-12-01,0.001645979604900835
1997-11-01,0.0016403169413913199
1997-10-01,0.001565917492460189
1997-09-01,0.0014419919527756814
1997-08-01,0.001282521163711873
1997-07-01,0.0010989646812176051
1997-06-01,0.0009018705129085939
1997-05-01,0.0007024341884547839
1997-04-01,0.00051519898253966
1997-03-01,0.00036434930791195036
1997-02-01,0.00029025631585714124
1997-01-01,0.00030679824666789607
1996-12-01,0.00034883765608578494
1996-11-01,0.00037299396666928624
1996-10-01,0.00039983143844495587
1996-09-01,0.00042786538908752987
1996-08-01,0.00045581825125562837
1996-07-01,0.00048257552233832104
1996-06-01,0.0005071272450573553
1996-05-01,0.0005285087437766636
1996-04-01,0.0005457420539488172
1996-03-01,0.0005577729364123589
1996-02-01,0.0005633930869278071
1996-01-01,0.0005611286886941355
1995-12-01,0.0005490572845645175
1995-11-01,0.0005193565491516084
1995-10-01,0.0004587495800380894
1995-09-01,0.0003917634049989955
1995-08-01,0.0003482051700705479
1995-07-01,0.0003586942526975761
1995-06-01,0.00042777611944818875
1995-05-01,0.0005326946601855386
1995-04-01,0.0006501099093044667
1995-03-01,0.0007637597358767215
1995-02-01,0.0008610673995703566
1995-01-01,0.0009297222886853184
1994-12-01,0.0009546036052645447
1994-11-01,0.0009670677206073289
1994-10-01,0.0009489663209827811
1994-09-01,0.0009076472182706944
1994-08-01,0.0008484328462008653
1994-07-01,0.000775543418352649
1994-06-01,0.0006926007716985679
1994-05-01,0.000602973416625218
1994-04-01,0.0005101029345770087
1994-03-01,0.00041795267852418527
1994-02-01,0.00033181291309089577
1994-01-01,0.00025977899825144435
1993-12-01,0.00021399244207053736
1993-11-01,0.00040780192418951166
1993-10-01,0.0006982085552191083
1993-09-01,0.0010318107981831359
1993-08-01,0.001386481470184904
1993-07-01,0.0017475384622926957
1993-06-01,0.0021025298041343374
1993-05-01,0.0024395078106896327
1993-04-01,0.0027460623634677724
1993-03-01,0.0030084520780618573
1993-02-01,0.00321050111814143
1993-01-01,0.00333184993329733
1992-12-01,0.003344686188053298
1992-11-01,0.003492200022520477
1992-10-01,0.003596707943666248
1992-09-01,0.0036649570755109173
1992-08-01,0.003701941788384504
1992-07-01,0.003711532101126892
1992-06-01,0.003696844006666957
1992-05-01,0.003660473704857941
1992-04-01,0.00360465567226084
1992-03-01,0.003531376655160296
1992-02-01,0.0034424642437799915
1992-01-01,0.0033396619364951235
1991-12-01,0.0032246992359778403
1991-11-01,0.003193604801765081
1991-10-01,0.0030079127338569146
1991-09-01,0.002716030467080045
1991-08-01,0.002355099101595536
1991-07-01,0.0019597964791667104
1991-06-01,0.0015705781439918735
1991-05-01,0.001245730450293666
1991-04-01,0.0010688008803633354
1991-03-01,0.0010957652555298582
1991-02-01,0.001266331680895275
1991-01-01,0.0014627126356798856
1990-12-01,0.0015831997622847921
1990-11-01,0.0016785699931155158
1990-10-01,0.001770366492134655
1990-09-01,0.001856685756640951
1990-08-01,0.001935771614161621
1990-07-01,0.002005927926070365
1990-06-01,0.002065440418743518
1990-05-01,0.00211249968713846
1990-04-01,0.002145116099224549
1990-03-01,0.0021610143304058036
1990-02-01,0.002157488726383311
1990-01-01,0.002131186824880431
1989-12-01,0.002077757868432879
1989-11-01,0.0021350777151308105
1989-10-01,0.002142207506505329
1989-09-01,0.0021099290637209543
1989-08-01,0.0020462511453214864
1989-07-01,0.0019576681531980043
1989-06-01,0.0018498948967524069
1989-05-01,0.0017283872510281443
1989-04-01,0.0015987973428217347
1989-03-01,0.001467444729705295
1989-02-01,0.0013418252385026998
1989-01-01,0.0012310488133882144
1988-12-01,0.0011458058336497265
1988-11-01,0.0013808879273035145
1988-10-01,0.0017363154037389476
1988-09-01,0.002158612414771254
1988-08-01,0.0026110261588491723
1988-07-01,0.003068781156666867
1988-06-01,0.0035129991146762725
1988-05-01,0.003927167306594958
1988-04-01,0.004295085727860793
1988-03-01,0.004599353042346091
1988-02-01,0.004819785965576908
1988-01-01,0.004931169703158977
1987-12-01,0.004899265055930915
1987-11-01,0.0047525989109493605
1987-10-01,0.00434858656629903
1987-09-01,0.0037935324591692283
1987-08-01,0.00318648045879699
1987-07-01,0.0026503322671457812
1987-06-01,0.002350684725122192
1987-05-01,0.0024236746618116617
1987-04-01,0.0028239755259640525
1987-03-01,0.0033789789918944424
1987-02-01,0.003933506556993393
1987-01-01,0.00436876641560365
1986-12-01,0.004569074195295289
1986-11-01,0.004673943181338368
1986-10-01,0.004657981188042947
1986-09-01,0.004548211417860276
1986-08-01,0.004364569862297972
1986-07-01,0.004123147875530425
1986-06-01,0.00383806923302485
1986-05-01,0.0035228404088776502
1986-04-01,0.0031915954552772215
1986-03-01,0.0028605055980335204
1986-02-01,0.002549471537482099
1986-01-01,0.002283705004139823
1985-12-01,0.0020933330973693753
1985-11-01,0.0020035362812879163
1985-10-01,0.001793948070461596
1985-09-01,0.001536530655494241
1985-08-01,0.0013130015909986093
1985-07-01,0.0012258763368982394
1985-06-01,0.0013433898761243473
1985-05-01,0.0016271029075644017
1985-04-01,0.001989340324859498
1985-03-01,0.0023596840059814097
1985-02-01,0.0026866320818731836
1985-01-01,0.0029239077152322032
1984-12-01,0.0030175555013832516
1984-11-01,0.002787350295806749
1984-10-01,0.0024170538591325656
1984-09-01,0.002172518979586009
1984-08-01,0.0023279746244093892
1984-07-01,0.0029273583980333044
1984-06-01,0.0037946185417992886
1984-05-01,0.004767431783606871
1984-04-01,0.005740787485331925
1984-03-01,0.006637138785400638
1984-02-01,0.007384985869220204
1984-01-01,0.007904789765208456
1983-12-01,0.008093056143049695
1983-11-01,0.008615490171389156
1983-10-01,0.009131629057682094
1983-09-01,0.009631356357198388
1983-08-01,0.01010512156788107
1983-07-01,0.010543503351096392
1983-06-01,0.010936800645461894
1983-05-01,0.01127461761287837
1983-04-01,0.01154539820964759
1983-03-01,0.011735849288490818
1983-02-01,0.011830158061798815
1983-01-01,0.011808842555506146
1982-12-01,0.011646930595222748
1982-11-01,0.012150447571399867
1982-10-01,0.01239211360975303
1982-09-01,0.012426993287308518
1982-08-01,0.012295601641768754
1982-07-01,0.012030608158084193
1982-06-01,0.011660670486505157
1982-05-01,0.011213024626381587
1982-04-01,0.010715543424137372
1982-03-01,0.010198575357496435
1982-02-01,0.009696591262722069
1982-01-01,0.009249310517165684
1981-12-01,0.008901478650191476
1981-11-01,0.008858212323414027
1981-10-01,0.008328998840920601
1981-09-01,0.00747683870856855
1981-08-01,0.006432600243045516
1981-07-01,0.005332770868198563
1981-06-01,0.004359268355834949
1981-05-01,0.0037716753499801
1981-04-01,0.003800294272563526
1981-03-01,0.004372874789368742
1981-02-01,0.005177847557004342
1981-01-01,0.0059219268204897604
1980-12-01,0.006357445033772601
1980-11-01,0.006865483472142656
1980-10-01,0.007385518867014111
1980-09-01,0.007900443195800626
1980-08-01,0.00839554664122408
1980-07-01,0.008857641975219535
1980-06-01,0.009274304191362399
1980-05-01,0.009633199851620663
1980-04-01,0.009921442542873912
1980-03-01,0.010124888341685739
1980-02-01,0.01022725058040164
1980-01-01,0.010208838123458828
1979-12-01,0.010044549565324684
1979-11-01,0.010277089416032883
1979-10-01,0.010186798833859081
1979-09-01,0.009849198656097895
1979-08-01,0.009318542837980438
1979-07-01,0.008637792311672271
1979-06-01,0.007844075376199354
1979-05-01,0.006972499973095413
1979-04-01,0.006059818524736041
1979-03-01,0.005149274668764137
1979-02-01,0.004298220190566708
1979-01-01,0.003588835887307063
1978-12-01,0.0031308578673679287
1978-11-01,0.0032423465813741855
1978-10-01,0.003284066135020793
1978-09-01,0.0032703761399465407
1978-08-01,0.0032119381939904527
1978-07-01,0.0031173861707237565
1978-06-01,0.0029942965864703484
1978-05-01,0.0028498572865208885
1978-04-01,0.0026914175593076425
1978-03-01,0.002527010133773303
1978-02-01,0.0023658676055981404
1978-01-01,0.0022188540799508195
1977-12-01,0.0020985505130780104
1977-11-01,0.0018785701056066924
1977-10-01,0.0016951137547770011
1977-09-01,0.0019257143063263254
1977-08-01,0.002632275838304598
1977-07-01,0.003610789447711627
1977-06-01,0.00470421184867801
1977-05-01,0.00582007741325635
1977-04-01,0.006891638127939981
1977-03-01,0.007858616954164135
1977-02-01,0.008657139396050019
1977-01-01,0.009210945764876794
1976-12-01,0.009418312704836371
1976-11-01,0.009741478801778178
1976-10-01,0.009811464992803482
1976-09-01,0.009684218511954413
1976-08-01,0.009400523410584553
1976-07-01,0.008993160096168101
1976-06-01,0.008490983862509464
1976-05-01,0.007921803789662674
1976-04-01,0.007314937221988384
1976-03-01,0.006703900642294417
1976-02-01,0.0061292855943880205
1976-01-01,0.005640914089290153
1975-12-01,0.005296353883304125
1975-11-01,0.004957976984116189
1975-10-01,0.004333184281927455
1975-09-01,0.003842854311445597
1975-08-01,0.003952901124587009
1975-07-01,0.004829094251619926
1975-06-01,0.006219251194069374
1975-05-01,0.007832215691532562
1975-04-01,0.009472272095994383
1975-03-01,0.010997830981032372
1975-02-01,0.012281450575519187
1975-01-01,0.013183209848210404
1974-12-01,0.013521791478435621
1974-11-01,0.013963620728263224
1974-10-01,0.014082634873797253
1974-09-01,0.013946260230402078
1974-08-01,0.013604402945676053
1974-07-01,0.013097458211409903
1974-06-01,0.012460953003011798
1974-05-01,0.011728793483489609
1974-04-01,0.010936044846788734
1974-03-01,0.010121738443593022
1974-02-01,0.009331854029446404
1974-01-01,0.008621958541937619
1973-12-01,0.008057549256734336
1973-11-01,0.00799431110200878
1973-10-01,0.007572143425108934
1973-09-01,0.006897078075655785
1973-08-01,0.006048086672885992
1973-07-01,0.00509367370414564
1973-06-01,0.00410438792227903
1973-05-01,0.003170186599084277
1973-04-01,0.002431270618631716
1973-03-01,0.0020877834583601603
1973-02-01,0.0022118159068286146
1973-01-01,0.002563362044178855
1972-12-01,0.0028298424670221626
1972-11-01,0.003019810305172181
1972-10-01,0.0032206983516452664
1972-09-01,0.003424381795938293
1972-08-01,0.003623738713390287
1972-07-01,0.0038123461519472537
1972-06-01,0.003984158530934555
1972-05-01,0.004133192015033075
1972-04-01,0.0042532030059216665
1972-03-01,0.004337326436340961
1972-02-01,0.004377614620950448
1972-01-01,0.0043643720535142035
1971-12-01,0.004285080659685375
1971-11-01,0.004284572602288636
1971-10-01,0.00409719438413419
1971-09-01,0.0037753371267302597
1971-08-01,0.003357002947483926
1971-07-01,0.0028735171512007406
1971-06-01,0.0023542167332494318
1971-05-01,0.001831309963319034
1971-04-01,0.001348723595661923
1971-03-01,0.0009811548236746466
1971-02-01,0.0008379059056620115
1971-01-01,0.0009192602335928991
1970-12-01,0.0010421884725805314
1970-11-01,0.00119546028022115
1970-10-01,0.001412260652054407
1970-09-01,0.00166666459499241
1970-08-01,0.0019387757050148451
1970-07-01,0.0022139543493673833
1970-06-01,0.002480645062800614
1970-05-01,0.0027287183774126955
1970-04-01,0.002948334073625502
1970-03-01,0.003129042222642918
1970-02-01,0.0032588512994383206
1970-01-01,0.003322951883231633
1969-12-01,0.0033015442715714372
1969-11-01,0.0034920407498292053
1969-10-01,0.0036716798548091225
1969-09-01,0.003837325086109568
1969-08-01,0.003986022999652047
1969-07-01,0.004114861215932409
1969-06-01,0.004220839582622015
1969-05-01,0.0043007392862616685
1969-04-01,0.0043509729991316375
1969-03-01,0.004367393597553842
1969-02-01,0.004345026542238664
1969-01-01,0.004277664678394059
1968-12-01,0.004157206613235373
1968-11-01,0.00414968513736793
1968-10-01,0.003973142585525355
1968-09-01,0.0036738966183665995
1968-08-01,0.003285483915803705
1968-07-01,0.002835011754834
1968-06-01,0.002346703355412379
1968-05-01,0.0018448144301305973
1968-04-01,0.0013578574141702602
1968-03-01,0.0009286597750760341
1968-02-01,0.0006392865515313343
1968-01-01,0.0005883972603618386
1967-12-01,0.000671933565225926
1967-11-01,0.0005908220438847405
1967-10-01,0.0006074187475006518
1967-09-01,0.0008452533247576105
1967-08-01,0.001231503953052483
1967-07-01,0.0016833109110866702
1967-06-01,0.0021563413042169836
1967-05-01,0.002622159956149515
1967-04-01,0.0030572303866970517
1967-03-01,0.0034383684652174442
1967-02-01,0.003739832398748373
1967-01-01,0.003930016243921829
1966-12-01,0.0039657512023293555
1966-11-01,0.00400821564810846
1966-10-01,0.003925486840857412
1966-09-01,0.0037477465723925094
1966-08-01,0.0034969362559833642
1966-07-01,0.003190481973979945
1966-06-01,0.0028433357461177347
1966-05-01,0.0024693734358352663
1966-04-01,0.002082712714591897
1966-03-01,0.001699524406889946
1966-02-01,0.001341317282996569
1966-01-01,0.0010411450529447088
1965-12-01,0.0008493927718852121
1965-11-01,0.0008552414140991147
1965-10-01,0.0008326215649376533
1965-09-01,0.0007885981201333608
1965-08-01,0.0007282833962945491
1965-07-01,0.0006557183271842918
1965-06-01,0.0005743409361528116
1965-05-01,0.00048728886947257223
1965-04-01,0.0003976595543145128
1965-03-01,0.0003088488256857478
1965-02-01,0.00022522723630917426
1965-01-01,0.00015392900088891622
1964-12-01,0.0001088365258006838
1964-11-01,0.00011364438448004995
1964-10-01,0.00011756373995877513
1964-09-01,0.00012066208320637395
1964-08-01,0.00012298261932552052
1964-07-01,0.00012455010422329047
1964-06-01,0.00012537408226650856
1964-05-01,0.00012545041235076986
1964-04-01,0.00012476147073783227
1964-03-01,0.00012327510238317876
1964-02-01,0.00012094211107222856
1964-01-01,0.00011769171238282829
1963-12-01,0.00011342374273473999
1963-11-01,0.00012956970665057012
1963-10-01,0.00015307787362765936
1963-09-01,0.0001809188810386532
1963-08-01,0.0002107607066179539
1963-07-01,0.00024090392987089303
1963-06-01,0.0002700227601614891
1963-05-01,0.0002969659566142351
1963-04-01,0.00032062167206954313
1963-03-01,0.0003398116001247578
1963-02-01,0.0003531813346055289
1963-01-01,0.00035904868141465554
1962-12-01,0.00035514069008088094
